team_id,team_name,player_id,player_name,position,date_of_birth,nationality,shirt_number
758,Uruguay,3160,Fernando Muslera,Goalkeeper,1986-06-16,Uruguay,
758,Uruguay,30210,Santiago Mele,Goalkeeper,1997-09-06,Uruguay,
758,Uruguay,30386,Sergio Rochet,Goalkeeper,1993-03-23,Uruguay,
758,Uruguay,3165,Guillermo Varela,Defence,1993-03-24,Uruguay,
758,Uruguay,28292,Ronald Araújo,Defence,1999-03-07,Uruguay,
758,Uruguay,28326,Sebastían Cáceres,Defence,1999-08-18,Uruguay,
758,Uruguay,28426,Matías Viña,Defence,1997-11-09,Uruguay,
758,Uruguay,28740,Joaquín Piquerez,Defence,1998-08-24,Uruguay,
758,Uruguay,28770,Maximiliano Araújo,Defence,2000-02-15,Uruguay,
758,Uruguay,32754,Mathías Olivera,Defence,1997-10-31,Uruguay,
758,Uruguay,32767,Santiago Bueno,Defence,1998-11-09,Uruguay,
758,Uruguay,213277,José Giménez,Defence,1995-01-20,Uruguay,
758,Uruguay,96,Federico Valverde,Midfield,1998-07-22,Uruguay,
758,Uruguay,1244,Giorgian De Arrascaeta,Midfield,1994-06-01,Uruguay,
758,Uruguay,2041,Rodrigo Bentancur,Midfield,1997-06-25,Uruguay,
758,Uruguay,28549,Manuel Ugarte,Midfield,2001-04-11,Uruguay,
758,Uruguay,28618,Brian Rodríguez,Midfield,2000-05-20,Uruguay,
758,Uruguay,121007,Rodrigo Zalazar,Midfield,1999-08-12,Uruguay,
758,Uruguay,122506,Facundo Pellistri,Midfield,2001-12-20,Uruguay,
758,Uruguay,130957,Emiliano Martínez,Midfield,1999-08-17,Uruguay,
758,Uruguay,152435,Juan Sanabria,Midfield,2000-03-29,Uruguay,
758,Uruguay,168795,Nicolas de la Cruz,Midfield,1997-06-01,Uruguay,
758,Uruguay,11206,Rodrigo Aguirre,Offence,1994-10-01,Uruguay,
758,Uruguay,28612,Darwin Núñez,Offence,1999-06-24,Uruguay,
758,Uruguay,28614,Agustín Canobbio,Offence,1998-10-01,Uruguay,
758,Uruguay,112678,Federico Viñas,Offence,1998-06-30,Uruguay,
759,Germany,316,Oliver Baumann,Goalkeeper,1990-06-02,Germany,
759,Germany,341,Manuel Neuer,Goalkeeper,1986-03-27,Germany,
759,Germany,6491,Alexander Nübel,Goalkeeper,1996-09-30,Germany,
759,Germany,149,Jonathan Tah,Defence,1996-02-11,Germany,
759,Germany,379,Waldemar Anton,Defence,1996-07-20,Germany,
759,Germany,3177,Antonio Rüdiger,Defence,1993-03-03,Germany,
759,Germany,9905,David Raum,Defence,1998-04-22,Germany,
759,Germany,75539,Nico Schlotterbeck,Defence,1999-12-01,Germany,
759,Germany,142732,Malick Thiaw,Defence,2001-08-08,Germany,
759,Germany,184533,Nathaniel Brown,Defence,2003-06-16,Germany,
759,Germany,320,Nadiem Amiri,Midfield,1996-10-27,Germany,
759,Germany,359,Joshua Kimmich,Midfield,1995-02-08,Germany,
759,Germany,3181,Leon Goretzka,Midfield,1995-02-06,Germany,
759,Germany,8273,Pascal Groß,Midfield,1991-06-15,Germany,
759,Germany,19334,Florian Wirtz,Midfield,2003-05-03,Germany,
759,Germany,101074,Felix Kalu Nmecha,Midfield,2000-10-10,Germany,
759,Germany,128565,Angelo Stiller,Midfield,2001-04-04,Germany,
759,Germany,144393,Jamal Musiala,Midfield,2003-02-26,Germany,
759,Germany,202665,Aleksandar Pavlović,Midfield,2004-05-03,Germany,
759,Germany,212636,Assan Ouédraogo,Midfield,2006-05-09,Germany,
759,Germany,171,Kai Havertz,Offence,1999-06-11,Germany,
759,Germany,3184,Leroy Sané,Offence,1996-01-11,Germany,
759,Germany,6928,Deniz Undav,Offence,1996-07-19,Germany,
759,Germany,123333,Jamie Leweling,Offence,2001-02-26,Germany,
759,Germany,133547,Nick Woltemade,Offence,2002-02-14,Germany,
759,Germany,133903,Maximilian Beier,Offence,2002-10-17,Germany,
760,Spain,4832,David Raya,Goalkeeper,1995-09-15,Spain,
760,Spain,32570,Unai Simón,Goalkeeper,1997-06-11,Spain,
760,Spain,152506,Joan García,Goalkeeper,2001-05-04,Spain,
760,Spain,7884,Aymeric Laporte,Defence,1994-05-27,Spain,
760,Spain,15863,Cucurella,Defence,1998-07-22,Spain,
760,Spain,16739,Alejandro Grimaldo,Defence,1995-09-20,Spain,
760,Spain,81037,Pedro Porro,Defence,1999-09-13,Spain,
760,Spain,101345,Eric García,Defence,2001-01-09,Spain,
760,Spain,176745,Marc Pubill,Defence,2003-06-20,Spain,
760,Spain,217540,Pau Cubarsí,Defence,2007-01-22,Spain,
760,Spain,22,Fabián Ruiz,Midfield,1996-04-03,Spain,
760,Spain,70,Marcos Llorente,Midfield,1995-01-30,Spain,
760,Spain,3199,Rodri,Midfield,1996-06-22,Spain,
760,Spain,7935,Mikel Merino,Midfield,1996-06-22,Spain,
760,Spain,23132,Dani Olmo,Midfield,1998-05-07,Spain,
760,Spain,33154,Ferrán Torres,Midfield,2000-02-29,Spain,
760,Spain,115035,Martín Zubimendi,Midfield,1999-02-02,Spain,
760,Spain,133860,Pedri,Midfield,2002-11-25,Spain,
760,Spain,171992,Pablo Gavira,Midfield,2004-08-05,Spain,
760,Spain,180137,Mikel Oyarzabal,Midfield,1997-04-21,Spain,
760,Spain,213278,Álex Baena,Midfield,2001-07-20,Spain,
760,Spain,32056,Borja Iglesias,Offence,1993-01-17,Spain,
760,Spain,152505,Yeremi Pino,Offence,2002-10-20,Spain,
760,Spain,157135,Nico Williams,Offence,2002-07-12,Spain,
760,Spain,202283,Lamine Yamal,Offence,2007-07-13,Spain,
760,Spain,273423,Víctor Muñoz,Offence,2003-07-13,Spain,
761,Paraguay,28294,Gastón Olveira,Goalkeeper,1993-04-21,Paraguay,
761,Paraguay,169622,Roberto Fernández,Goalkeeper,1988-03-29,Paraguay,
761,Paraguay,270728,Orlando Gill,Goalkeeper,2000-06-11,Paraguay,
761,Paraguay,1436,Fabián Balbuena,Defence,1991-08-23,Paraguay,
761,Paraguay,1741,Gustavo Gómez,Defence,1993-05-06,Paraguay,
761,Paraguay,8395,Júnior Alonso,Defence,1993-02-09,Paraguay,
761,Paraguay,46491,Omar Alderete,Defence,1996-12-26,Paraguay,
761,Paraguay,141752,Juan Cáceres,Defence,2000-06-01,Paraguay,
761,Paraguay,172169,Gustavo Velázquez,Defence,1991-04-17,Paraguay,
761,Paraguay,178832,José Canale,Defence,1996-07-20,Paraguay,
761,Paraguay,274608,Alexandro Maidana,Defence,2005-07-26,Paraguay,
761,Paraguay,46467,Andrés Cubas,Midfield,1996-05-11,Paraguay,
761,Paraguay,57316,Kaku,Midfield,1995-01-11,Paraguay,
761,Paraguay,76861,Miguel Almirón,Midfield,1994-02-10,Paraguay,
761,Paraguay,119594,Mauricio,Midfield,2001-06-22,Paraguay,
761,Paraguay,122397,Braian Ojeda,Midfield,2000-06-27,Paraguay,
761,Paraguay,165622,Matías Galarza,Midfield,2002-02-11,Paraguay,
761,Paraguay,168954,Damian Bobadilla,Midfield,2001-07-11,Paraguay,
761,Paraguay,178951,Diego Gómez,Midfield,2003-03-27,Paraguay,
761,Paraguay,14,Antonio Sanabria,Offence,1996-03-04,Paraguay,
761,Paraguay,59693,Gabriel Ávalos,Offence,1990-10-12,Paraguay,
761,Paraguay,114353,Isidro Pitta,Offence,1999-08-14,Paraguay,
761,Paraguay,140647,Ramón Sosa,Offence,1999-08-31,Paraguay,
761,Paraguay,168949,Julio Enciso,Offence,2004-01-23,Paraguay,
761,Paraguay,191772,Gustavo Caballero,Offence,2001-09-21,Paraguay,
761,Paraguay,250206,Alex Arce,Offence,1995-06-16,Paraguay,
762,Argentina,6,Géronimo Rulli,Goalkeeper,1992-05-20,Argentina,
762,Argentina,3141,Emiliano Martínez,Goalkeeper,1992-09-02,Argentina,
762,Argentina,46554,Juan Musso,Goalkeeper,1994-05-06,Argentina,
762,Argentina,3205,Nicolás Otamendi,Defence,1988-02-12,Argentina,
762,Argentina,3208,Nicolás Tagliafico,Defence,1992-08-31,Argentina,
762,Argentina,11667,Gonzalo Montiel,Defence,1997-01-01,Argentina,
762,Argentina,45735,Christian Romero,Defence,1998-04-27,Argentina,
762,Argentina,46125,Facundo Medina,Defence,1999-05-28,Argentina,
762,Argentina,46451,Lisandro Martínez,Defence,1998-01-18,Argentina,
762,Argentina,46452,Nahuel Molina,Defence,1998-04-06,Argentina,
762,Argentina,82020,Leonardo Balerdi,Defence,1999-01-26,Argentina,
762,Argentina,170261,Valentin Barco,Defence,2004-07-23,Argentina,
762,Argentina,2127,Rodrigo de Paul,Midfield,1994-05-24,Argentina,
762,Argentina,3214,Leandro Paredes,Midfield,1994-06-29,Argentina,
762,Argentina,3216,Giovani Lo Celso,Midfield,1996-04-09,Argentina,
762,Argentina,11720,Exequiel Palacios,Midfield,1998-10-05,Argentina,
762,Argentina,45681,Alexis Mac Allister,Midfield,1998-12-24,Argentina,
762,Argentina,79953,Thiago Almada,Midfield,2001-04-26,Argentina,
762,Argentina,102603,Enzo Fernández,Midfield,2001-01-17,Argentina,
762,Argentina,203511,Nico Paz,Midfield,2004-09-08,Argentina,
762,Argentina,3218,Lionel Messi,Offence,1987-06-24,Argentina,
762,Argentina,3220,Lautaro Martínez,Offence,1997-08-22,Argentina,
762,Argentina,45680,Nicolás González,Offence,1998-04-06,Argentina,
762,Argentina,98571,Julián Álvarez,Offence,2000-01-31,Argentina,
762,Argentina,170698,José Manuel López,Offence,2000-12-06,Argentina,
762,Argentina,171964,Giuliano Simeone,Offence,2002-12-18,Argentina,
763,Ghana,495,Lawrence Ati-Zigi,Goalkeeper,1996-11-29,Ghana,
763,Ghana,137390,Joseph Anang,Goalkeeper,2000-06-08,Ghana,
763,Ghana,277336,Benjamin Asare,Goalkeeper,1992-07-13,Ghana,
763,Ghana,6499,Abdul Rahman Baba,Defence,1994-07-02,Ghana,
763,Ghana,7442,Derrick Luckassen,Defence,1995-07-03,Ghana,
763,Ghana,16340,Gideon Mensah,Defence,1998-07-18,Ghana,
763,Ghana,25641,Abdul Mumin,Defence,1998-06-06,Ghana,
763,Ghana,128235,Jerome Opoku,Defence,1998-10-14,Ghana,
763,Ghana,147893,Alidu Seidu,Defence,2000-06-04,Ghana,
763,Ghana,153924,Marvin Senaya,Defence,2001-01-28,Ghana,
763,Ghana,191269,Jonas Adjei Adjetey,Defence,2003-12-13,Ghana,
763,Ghana,202896,Kojo Peprah Oppong,Defence,2004-06-04,Ghana,
763,Ghana,110,Thomas Partey,Midfield,1993-06-13,Ghana,
763,Ghana,8470,Elisha Owusu,Midfield,1997-11-07,Ghana,
763,Ghana,79960,Kwasi Sibo,Midfield,1998-06-24,Ghana,
763,Ghana,175747,Augustine Boakye,Midfield,2000-11-03,Ghana,
763,Ghana,262187,Caleb Yirenkyi,Midfield,2006-01-15,Ghana,
763,Ghana,4417,Antoine Semenyo,Offence,2000-01-07,Ghana,
763,Ghana,6389,Brandon Thomas-Asante,Offence,1998-12-29,Ghana,
763,Ghana,7984,Jordan Ayew,Offence,1991-09-11,Ghana,
763,Ghana,32629,Iñaki Williams,Offence,1994-06-15,Ghana,
763,Ghana,142140,Kamal Deen Sulemana,Offence,2002-02-15,Ghana,
763,Ghana,184726,Ernest Nuamah,Offence,2003-11-01,Ghana,
763,Ghana,187162,Abdul Issahaku,Offence,2004-03-08,Ghana,
763,Ghana,193596,Christopher Bonsu Baah,Offence,2004-12-14,Ghana,
763,Ghana,218805,Prince Adu,Offence,2003-09-23,Ghana,
764,Brazil,1170,Weverton,Goalkeeper,1987-12-13,Brazil,
764,Brazil,1795,Alisson Becker,Goalkeeper,1992-10-02,Brazil,
764,Brazil,3222,Ederson,Goalkeeper,1993-08-17,Brazil,
764,Brazil,1081,Roger Ibañez,Defence,1998-11-23,Brazil,
764,Brazil,1106,Bremer,Defence,1997-03-18,Brazil,
764,Brazil,2028,Alex Sandro,Defence,1991-01-26,Brazil,
764,Brazil,3225,Marquinhos,Defence,1994-05-14,Brazil,
764,Brazil,6517,Douglas Santos,Defence,1994-03-22,Brazil,
764,Brazil,7881,Danilo Luiz da Silva,Defence,1991-07-15,Brazil,
764,Brazil,11192,Léo Pereira,Defence,1996-01-31,Brazil,
764,Brazil,23128,Gabriel Magalhães,Defence,1997-12-19,Brazil,
764,Brazil,179164,Wesley,Defence,2003-09-06,Brazil,
764,Brazil,1543,Lucas Paquetá,Midfield,1997-08-27,Brazil,
764,Brazil,1684,Bruno Guimarães,Midfield,1997-11-16,Brazil,
764,Brazil,3231,Casemiro,Midfield,1992-02-23,Brazil,
764,Brazil,8749,Fabinho,Midfield,1993-10-23,Brazil,
764,Brazil,149704,Danilo dos Santos de Oliveira,Midfield,2001-04-29,Brazil,
764,Brazil,1556,Vinicius Junior,Offence,2000-07-12,Brazil,
764,Brazil,8491,Neymar,Offence,1992-02-05,Brazil,
764,Brazil,30842,Matheus Cunha,Offence,1999-05-27,Brazil,
764,Brazil,37428,Raphinha,Offence,1996-12-14,Brazil,
764,Brazil,61450,Martinelli,Offence,2001-06-18,Brazil,
764,Brazil,138230,Thiago,Offence,2001-06-26,Brazil,
764,Brazil,145539,Luiz Henrique,Offence,2001-01-02,Brazil,
764,Brazil,188487,Endrick,Offence,2006-07-21,Brazil,
764,Brazil,203356,Rayan,Offence,2006-08-03,Brazil,
765,Portugal,15899,José Sá,Goalkeeper,1993-01-17,Portugal,
765,Portugal,32014,Rui Silva,Goalkeeper,1994-02-07,Portugal,
765,Portugal,37362,Diogo Costa,Goalkeeper,1999-09-19,Portugal,
765,Portugal,2000,João Cancelo,Defence,1994-05-27,Portugal,
765,Portugal,10183,Rúben Dias,Defence,1997-05-14,Portugal,
765,Portugal,15862,Nélson Semedo,Defence,1993-11-16,Portugal,
765,Portugal,15905,Diogo Dalot,Defence,1999-03-18,Portugal,
765,Portugal,91512,Matheus Nunes,Defence,1998-08-27,Portugal,
765,Portugal,144570,Nuno Mendes,Defence,2002-06-19,Portugal,
765,Portugal,145357,Gonçalo Inácio,Defence,2001-08-25,Portugal,
765,Portugal,177842,Tomas Araujo,Defence,2002-05-16,Portugal,
765,Portugal,178769,Renato Veiga,Defence,2003-07-29,Portugal,
765,Portugal,3254,Bernardo Silva,Midfield,1994-08-10,Portugal,
765,Portugal,3255,Rúben Neves,Midfield,1997-03-13,Portugal,
765,Portugal,3257,Bruno Fernandes,Midfield,1994-09-08,Portugal,
765,Portugal,3259,Gonçalo Guedes,Midfield,1996-11-29,Portugal,
765,Portugal,140814,Samuel Almeida Costa,Midfield,2000-11-27,Portugal,
765,Portugal,178722,Vitinha,Midfield,2000-02-13,Portugal,
765,Portugal,190877,Joao Neves,Midfield,2004-09-27,Portugal,
765,Portugal,44,Cristiano Ronaldo,Offence,1985-02-05,Portugal,
765,Portugal,2074,Pedro Neto,Offence,2000-03-09,Portugal,
765,Portugal,15892,Rafael Leão,Offence,1999-06-10,Portugal,
765,Portugal,37332,Trincão,Offence,1999-12-29,Portugal,
765,Portugal,39265,João Félix,Offence,1999-11-10,Portugal,
765,Portugal,101431,Gonçalo Ramos,Offence,2001-06-20,Portugal,
765,Portugal,150791,Francisco Conceição,Offence,2002-12-14,Portugal,
766,Japan,48729,Keisuke Ōsako,Goalkeeper,1999-07-28,Japan,
766,Japan,118920,Zion Suzuki,Goalkeeper,2002-08-21,Japan,
766,Japan,161335,Tomoki Hayakawa,Goalkeeper,1999-03-03,Japan,
766,Japan,3264,Yūto Nagatomo,Defence,1986-09-12,Japan,
766,Japan,9034,Takehiro Tomiyasu,Defence,1998-11-05,Japan,
766,Japan,48657,Hiroki Ito,Defence,1999-05-12,Japan,
766,Japan,48670,Yukinari Sugawara,Defence,2000-06-28,Japan,
766,Japan,48902,Ko Itakura,Defence,1997-01-27,Japan,
766,Japan,49097,Shogo Taniguchi,Defence,1991-07-15,Japan,
766,Japan,113230,Ayumu Seko,Defence,2000-06-07,Japan,
766,Japan,113595,Tsuyoshi Watanabe,Defence,1997-02-05,Japan,
766,Japan,181210,Junnosuke Suzuki,Defence,2003-07-12,Japan,
766,Japan,3269,Wataru Endō,Midfield,1993-02-09,Japan,
766,Japan,6716,Daichi Kamada,Midfield,1996-08-05,Japan,
766,Japan,48555,Takefusa Kubo,Midfield,2001-06-04,Japan,
766,Japan,48595,Keito Nakamura,Midfield,2000-07-28,Japan,
766,Japan,49105,Ao Tanaka,Midfield,1998-09-10,Japan,
766,Japan,114809,Kaishu Sano,Midfield,2000-12-30,Japan,
766,Japan,145293,Yuito Suzuki,Midfield,2001-10-25,Japan,
766,Japan,7531,Ritsu Doan,Offence,1998-06-16,Japan,
766,Japan,44017,Daizen Maeda,Offence,1997-10-20,Japan,
766,Japan,48659,Koki Ogawa,Offence,1997-08-08,Japan,
766,Japan,49080,Junya Ito,Offence,1993-03-09,Japan,
766,Japan,119460,Ayase Ueda,Offence,1998-08-28,Japan,
766,Japan,247160,Kento Shiogai,Offence,2005-03-26,Japan,
766,Japan,274204,Keisuke Goto,Offence,2005-06-03,Japan,
769,Mexico,3285,Guillermo Ochoa,Goalkeeper,1985-07-13,Mexico,
769,Mexico,39540,Carlos Acevedo,Goalkeeper,1996-04-19,Mexico,
769,Mexico,177674,José Rangel,Goalkeeper,2000-02-25,Mexico,
769,Mexico,3298,Jesús Gallardo,Defence,1994-08-15,Mexico,
769,Mexico,39246,César Montes,Defence,1997-02-24,Mexico,
769,Mexico,39330,Johan Vásquez,Defence,1998-10-22,Mexico,
769,Mexico,39546,Jorge Sánchez,Defence,1997-12-10,Mexico,
769,Mexico,84096,Israel Reyes,Defence,2000-05-23,Mexico,
769,Mexico,246145,Mateo Chávez,Defence,2004-05-12,Mexico,
769,Mexico,3293,Edson Álvarez,Midfield,1997-10-24,Mexico,
769,Mexico,38786,Orbelín Pineda,Midfield,1996-03-24,Mexico,
769,Mexico,39587,Luis Chávez,Midfield,1996-01-15,Mexico,
769,Mexico,39927,Luis Romo,Midfield,1995-06-05,Mexico,
769,Mexico,76356,Erik Lira,Midfield,2000-05-08,Mexico,
769,Mexico,99992,Álvaro Fidalgo,Midfield,1997-04-09,Spain,
769,Mexico,144457,Brian Gutiérrez,Midfield,2003-06-17,Mexico,
769,Mexico,170442,Obed Vargas,Midfield,2005-08-05,Mexico,
769,Mexico,264596,Gilberto Mora,Midfield,2008-10-14,Mexico,
769,Mexico,3305,Raúl Jiménez,Offence,1991-05-05,Mexico,
769,Mexico,39237,Julián Quiñones,Offence,1997-03-24,Colombia,
769,Mexico,39472,Roberto Alvarado,Offence,1998-09-07,Mexico,
769,Mexico,39635,Santiago Giménez,Offence,2001-04-18,Mexico,
769,Mexico,39667,Alexis Vega,Offence,1997-11-25,Mexico,
769,Mexico,39833,Guillermo Martínez,Offence,1995-03-15,Mexico,
769,Mexico,98820,César Huerta,Offence,2000-12-03,Mexico,
769,Mexico,229284,Armando González,Offence,2003-04-20,Mexico,
770,England,3309,Jordan Pickford,Goalkeeper,1994-03-07,England,
770,England,5457,Dean Henderson,Goalkeeper,1997-03-12,England,
770,England,153874,James Trafford,Goalkeeper,2002-10-10,England,
770,England,3313,John Stones,Defence,1994-05-28,England,
770,England,4870,Dan Burn,Defence,1992-05-09,England,
770,England,6317,Ezri Konsa,Defence,1997-10-23,England,
770,England,56628,Reece James,Defence,1999-12-08,England,
770,England,80775,Djed Spence,Defence,2000-08-09,England,
770,England,118489,Marc Guéhi,Defence,2000-07-13,England,
770,England,168712,Valentino Livramento,Defence,2002-11-12,England,
770,England,176718,Jarell Quansah,Defence,2003-01-29,England,
770,England,206743,Nico O'Reilly,Defence,2005-03-21,England,
770,England,3320,Jordan Henderson,Midfield,1990-06-17,England,
770,England,4032,Eberechi Eze,Midfield,1998-06-29,England,
770,England,7848,Anthony Gordon,Midfield,2001-02-24,England,
770,England,8215,Declan Rice,Midfield,1999-01-14,England,
770,England,82140,Morgan Rogers,Midfield,2002-07-26,England,
770,England,107330,Elliot Anderson,Midfield,2002-11-06,England,
770,England,125010,Jude Bellingham,Midfield,2003-06-29,England,
770,England,190797,Kobbie Mainoo,Midfield,2005-04-19,England,
770,England,3331,Marcus Rashford,Offence,1997-10-31,England,
770,England,4444,Ollie Watkins,Offence,1995-12-30,England,
770,England,5453,Ivan Toney,Offence,1996-03-16,England,
770,England,8004,Harry Kane,Offence,1993-07-28,England,
770,England,99813,Bukayo Saka,Offence,2001-09-05,England,
770,England,167720,Noni Madueke,Offence,2002-03-10,England,
771,United States,76936,Matt Turner,Goalkeeper,1994-06-24,USA,
771,United States,113261,Matt Freese,Goalkeeper,1998-09-02,USA,
771,United States,167172,Chris Brady,Goalkeeper,2004-03-03,USA,
771,United States,3927,Antonee Robinson,Defence,1997-08-08,USA,
771,United States,3956,Tim Ream,Defence,1987-10-05,USA,
771,United States,76866,Miles Robinson,Defence,1997-03-14,USA,
771,United States,77185,Auston Trusty,Defence,1998-08-12,USA,
771,United States,77803,Mark McKenzie,Defence,1999-02-25,USA,
771,United States,82442,Joseph Scally,Defence,2002-12-31,USA,
771,United States,97534,Sergiño Dest,Defence,2000-11-03,USA,
771,United States,99856,Chris Richards,Defence,2000-03-28,USA,
771,United States,177823,Alex Freeman,Defence,2004-08-09,USA,
771,United States,6507,Weston McKennie,Midfield,1998-08-28,USA,
771,United States,39023,Alejandro Zendejas,Midfield,1998-02-07,USA,
771,United States,77029,Cristian Roldan,Midfield,1995-06-03,USA,
771,United States,77596,Tyler Adams,Midfield,1999-02-14,USA,
771,United States,113262,Brenden Aaronson,Midfield,2000-10-22,USA,
771,United States,136733,Gio Reyna,Midfield,2002-11-13,USA,
771,United States,140416,Sebastian Berhalter,Midfield,2001-05-17,USA,
771,United States,144470,Malik Tillman,Midfield,2002-05-28,USA,
771,United States,145,Christian Pulisic,Offence,1998-09-18,USA,
771,United States,8492,Tim Weah,Offence,2000-02-22,USA,
771,United States,10076,Haji Wright,Offence,1998-03-27,USA,
771,United States,119731,Ricardo Pepi,Offence,2003-01-09,USA,
771,United States,131040,Folarin Balogun,Offence,2001-07-03,USA,
771,United States,192180,Max Arfsten,Offence,2001-04-19,USA,
772,South Korea,166683,Seung-Gyu Kim,Goalkeeper,1990-09-30,South Korea,
772,South Korea,189673,Bum-keun Song,Goalkeeper,1997-10-15,South Korea,
772,South Korea,189775,Hyeon-woo Jo,Goalkeeper,1991-09-25,South Korea,
772,South Korea,168299,Min-Jae Kim,Defence,1996-11-15,South Korea,
772,South Korea,171221,Moon-hwan Kim,Defence,1995-08-01,South Korea,
772,South Korea,217715,Han-bum Lee,Defence,2002-06-17,South Korea,
772,South Korea,243858,Young-woo Seol,Defence,1998-12-05,South Korea,
772,South Korea,244407,Jin-seob Park,Defence,1995-10-23,South Korea,
772,South Korea,246906,Tae-hyeon Kim,Defence,2000-09-17,South Korea,
772,South Korea,254209,Gi-hyuk Lee,Defence,2000-07-07,South Korea,
772,South Korea,282051,Tae-seok Lee,Defence,2002-07-28,South Korea,
772,South Korea,295846,Cho Wi-Je,Defence,2001-08-25,South Korea,
772,South Korea,151888,Jens Castrop,Midfield,2003-07-29,South Korea,
772,South Korea,170561,In-beom Hwang,Midfield,1996-09-20,South Korea,
772,South Korea,177318,Dong-gyeong Lee,Midfield,1997-09-20,South Korea,
772,South Korea,179889,Jae-sung Lee,Midfield,1992-08-10,South Korea,
772,South Korea,189741,Jin-Gyu Kim,Midfield,1997-02-24,South Korea,
772,South Korea,189752,Seung-Ho Paik,Midfield,1997-03-17,South Korea,
772,South Korea,213217,Kang-in Lee,Midfield,2001-02-19,South Korea,
772,South Korea,217655,Joon-ho Bae,Midfield,2003-08-21,South Korea,
772,South Korea,3354,Hwang Heechan,Offence,1996-01-26,South Korea,
772,South Korea,170281,Heung-min Son,Offence,1992-07-08,South Korea,
772,South Korea,189665,Hyun-jun Yang,Offence,2002-05-25,South Korea,
772,South Korea,189762,Gue-Sung Cho,Offence,1998-01-25,South Korea,
772,South Korea,191295,Hyun-Gyu Oh,Offence,2001-04-12,South Korea,
772,South Korea,261683,Ji-sung Eom,Offence,2002-05-09,South Korea,
773,France,8316,Brice Samba,Goalkeeper,1994-04-25,France,
773,France,8390,Mike Maignan,Goalkeeper,1995-07-03,France,
773,France,188389,Robin Risser,Goalkeeper,2004-12-02,France,
773,France,71,Theo Hernández,Defence,1997-10-06,France,
773,France,3359,Lucas Digne,Defence,1993-07-20,France,
773,France,3365,Lucas Hernández,Defence,1996-02-14,France,
773,France,8499,Jules Koundé,Defence,1998-11-12,France,
773,France,9541,Dayot Upamecano,Defence,1998-10-27,France,
773,France,9542,Ibrahima Konaté,Defence,1999-05-25,France,
773,France,80171,William Saliba,Defence,2001-03-24,France,
773,France,82351,Maxence Lacroix,Defence,2000-04-06,France,
773,France,152498,Malo Gusto,Defence,2003-05-19,France,
773,France,3367,N'Golo Kanté,Midfield,1991-03-29,France,
773,France,3368,Adrien Rabiot,Midfield,1995-04-03,France,
773,France,8514,Aurélien Tchouameni,Midfield,2000-01-27,France,
773,France,102395,Manu Koné,Midfield,2001-05-17,France,
773,France,133242,Rayan Cherki,Midfield,2003-08-17,France,
773,France,175701,Maghnes Akliouche,Midfield,2002-02-25,France,
773,France,177522,Desire Doue,Midfield,2005-06-03,France,
773,France,186089,Warren Zaïre-Emery,Midfield,2006-03-08,France,
773,France,641,Jean-Philippe Mateta,Offence,1997-06-28,France,
773,France,3373,Ousmane Dembélé,Offence,1997-05-15,France,
773,France,3374,Kylian Mbappé,Offence,1998-12-20,France,
773,France,8685,Marcus Thuram-Ulien,Offence,1997-08-06,France,
773,France,113765,Michael Olise,Offence,2001-12-12,France,
773,France,172762,Bradley Barcola,Offence,2002-09-02,France,
774,South Africa,33986,Ronwen Williams,Goalkeeper,1992-01-21,South Africa,
774,South Africa,34123,Sipho Chaine,Goalkeeper,1996-12-14,South Africa,
774,South Africa,34456,Ricardo Goss,Goalkeeper,1994-04-02,South Africa,
774,South Africa,33994,Aubrey Modiba,Defence,1995-07-22,South Africa,
774,South Africa,34481,Nkosinathi Sibisi,Defence,1995-09-22,South Africa,
774,South Africa,74101,Khuliso Mudau,Defence,1995-04-26,South Africa,
774,South Africa,217832,Olwethu Makhanya,Defence,2004-04-30,South Africa,
774,South Africa,245836,Bradley Cross,Defence,2001-01-30,South Africa,
774,South Africa,277223,Samukelo Kabini,Defence,2004-03-15,South Africa,
774,South Africa,279850,Ime Okon,Defence,2004-02-20,South Africa,
774,South Africa,285992,Mbekezeli Mbokazi,Defence,2005-09-19,South Africa,
774,South Africa,286005,Khulumani Ndamane,Defence,2004-02-05,South Africa,
774,South Africa,287754,Tholo Matuludi,Defence,1999-01-14,South Africa,
774,South Africa,33954,Themba Zwane,Midfield,1989-08-03,South Africa,
774,South Africa,34012,Teboho Mokoena,Midfield,1997-01-24,South Africa,
774,South Africa,133788,Sphephelo Sithole,Midfield,1999-03-03,South Africa,
774,South Africa,147928,Jayden Adams,Midfield,2001-05-05,South Africa,
774,South Africa,245495,Thapelo Maseko,Midfield,2003-11-11,South Africa,
774,South Africa,277299,Thalente Mbatha,Midfield,2000-03-06,South Africa,
774,South Africa,286003,Kamogelo Sebelebele,Midfield,2002-07-21,South Africa,
774,South Africa,34760,Lyle Foster,Offence,2000-09-04,South Africa,
774,South Africa,118915,Oswin Appollis,Offence,2001-08-25,South Africa,
774,South Africa,124636,Iqraam Rayners,Offence,1995-12-19,South Africa,
774,South Africa,245511,Evidence Makgopa,Offence,2000-06-05,South Africa,
774,South Africa,270771,Relebohile Mofokeng,Offence,2004-10-23,South Africa,
774,South Africa,287753,Tshepang Moremi,Offence,2000-10-02,South Africa,
778,Algeria,3871,Luca Zidane,Goalkeeper,1998-05-13,Algeria,
778,Algeria,130440,Oussama Benbout,Goalkeeper,1994-10-11,Algeria,
778,Algeria,171469,Melvin Mastil,Goalkeeper,2000-02-19,France,
778,Algeria,19,Aïssa Mandi,Defence,1991-10-22,Algeria,
778,Algeria,8642,Rayan Aït Nouri,Defence,2001-06-06,Algeria,
778,Algeria,8805,Ramy Bensebaini,Defence,1995-04-16,Algeria,
778,Algeria,116150,Samir Chergui,Defence,1999-02-06,Algeria,
778,Algeria,147891,Jaouen Hadjam,Defence,2003-03-26,Algeria,
778,Algeria,160756,Rafik Belghali,Defence,2002-06-07,Algeria,
778,Algeria,245545,Zinédine Belaïd,Defence,1999-03-20,Algeria,
778,Algeria,245574,Amine Tougai,Defence,2000-01-22,Algeria,
778,Algeria,295347,Achref Abada,Defence,1999-06-15,Algeria,
778,Algeria,6503,Nabil Bentaleb,Midfield,1994-11-24,Algeria,
778,Algeria,8466,Houssem Aouar,Midfield,1998-06-30,Algeria,
778,Algeria,123508,Hicham Boudaoui,Midfield,1999-09-23,Algeria,
778,Algeria,124715,Ramiz Zerrouki,Midfield,1998-05-26,Algeria,
778,Algeria,178658,Fares Chaïbi,Midfield,2002-11-28,Algeria,
778,Algeria,202532,Ibrahim Maza,Midfield,2005-11-24,Algeria,
778,Algeria,261523,Yacine Titraoui,Midfield,2003-07-26,Algeria,
778,Algeria,293057,Adil Boulbina,Midfield,2003-05-02,Algeria,
778,Algeria,8069,Riyad Mahrez,Offence,1991-02-21,Algeria,
778,Algeria,8476,Amine Gouiri,Offence,2000-02-16,Algeria,
778,Algeria,180827,Mohammed Amoura,Offence,2000-05-09,Algeria,
778,Algeria,192676,Nadhir Benbouali,Offence,2000-04-17,Algeria,
778,Algeria,244466,Anis Moussa,Offence,2002-02-11,Algeria,
778,Algeria,245324,Farés Ghedjemis,Offence,2002-09-06,Algeria,
779,Australia,3403,Maty Ryan,Goalkeeper,1992-04-08,Australia,
779,Australia,4697,Paul Izzo,Goalkeeper,1995-01-06,Australia,
779,Australia,177427,Patrick Beach,Goalkeeper,2003-08-06,Australia,
779,Australia,3407,Aziz Behich,Defence,1990-12-16,Australia,
779,Australia,3410,Miloš Degenek,Defence,1994-04-28,Australia,
779,Australia,4563,Kai Trewin,Defence,2001-05-18,Australia,
779,Australia,4795,Jacob Italiano,Defence,2001-07-30,Australia,
779,Australia,5432,Cameron Burgess,Defence,1995-10-21,Australia,
779,Australia,11636,Harry Souttar,Defence,1998-10-22,Australia,
779,Australia,56254,Jason Geria,Defence,1993-05-10,Australia,
779,Australia,176299,Jordan Bos,Defence,2002-10-29,Australia,
779,Australia,176730,Alessandro Circati,Defence,2003-10-10,Australia,
779,Australia,270733,Lucas Herrington,Defence,2007-09-05,Australia,
779,Australia,3420,Mathew Leckie,Midfield,1991-02-04,Australia,
779,Australia,3421,Jackson Irvine,Midfield,1993-03-07,Australia,
779,Australia,4635,Connor Metcalfe,Midfield,1999-11-05,Australia,
779,Australia,7528,Ajdin Hrustic,Midfield,1996-07-05,Australia,
779,Australia,8053,Aiden O'Neill,Midfield,1998-07-04,Australia,
779,Australia,45143,Awer Mabil,Midfield,1995-09-15,Australia,
779,Australia,76250,Cameron Devlin,Midfield,1998-06-07,Australia,
779,Australia,263718,Paul Okon-Engstler,Midfield,2005-01-24,Australia,
779,Australia,141451,Mohamed Toure,Offence,2004-03-26,Australia,
779,Australia,167783,Nishan Velupillay,Offence,2001-05-07,Australia,
779,Australia,175891,Cristian Volpato,Offence,2003-11-15,Italy,
779,Australia,176991,Nestor Irankunda,Offence,2006-02-09,Australia,
779,Australia,181753,Tete Yengi,Offence,2000-11-28,Australia,
783,New Zealand,48418,Max Crocombe,Goalkeeper,1993-08-12,New Zealand,
783,New Zealand,80167,Michael Woud,Goalkeeper,1999-01-16,New Zealand,
783,New Zealand,176204,Alex Paulsen,Goalkeeper,2002-07-04,New Zealand,
783,New Zealand,4690,Liberato Cacace,Defence,2000-09-27,New Zealand,
783,New Zealand,11392,Tommy Smith,Defence,1990-03-31,New Zealand,
783,New Zealand,77036,Michael Boxall,Defence,1988-08-18,New Zealand,
783,New Zealand,111787,Francis De Vries,Defence,1994-11-28,New Zealand,
783,New Zealand,113754,Callan Elliot,Defence,1999-07-07,New Zealand,
783,New Zealand,125116,Tim Payne,Defence,1994-01-10,New Zealand,
783,New Zealand,146549,Nando Pijnaker,Defence,1999-02-25,New Zealand,
783,New Zealand,176993,Finn Surman,Defence,2003-09-23,New Zealand,
783,New Zealand,214425,Tyler Bindon,Defence,2005-01-27,New Zealand,
783,New Zealand,4680,Alex Rufer,Midfield,1996-06-12,New Zealand,
783,New Zealand,4684,Sarpreet Singh,Midfield,1999-02-20,New Zealand,
783,New Zealand,7723,Ryan Thomas,Midfield,1994-12-20,New Zealand,
783,New Zealand,125117,Callum McCowatt,Midfield,1999-04-30,New Zealand,
783,New Zealand,144646,Joe Bell,Midfield,1999-04-27,New Zealand,
783,New Zealand,156513,Marko Stamenic,Midfield,2002-02-19,New Zealand,
783,New Zealand,177602,Ben Old,Midfield,2002-08-13,New Zealand,
783,New Zealand,4593,Kosta Barbarouses,Offence,1990-02-19,New Zealand,
783,New Zealand,8057,Chris Wood,Offence,1991-12-07,New Zealand,
783,New Zealand,82829,Ben Waine,Offence,2001-06-11,New Zealand,
783,New Zealand,118981,Elijah Just,Offence,2000-05-01,New Zealand,
783,New Zealand,185023,Matthew Garbett,Offence,2002-04-13,New Zealand,
783,New Zealand,218039,Lachlan Bayliss,Offence,2002-07-24,New Zealand,
783,New Zealand,261259,Jesse Randall,Offence,2002-08-19,New Zealand,
788,Switzerland,334,Gregor Kobel,Goalkeeper,1997-12-06,Switzerland,
788,Switzerland,9534,Yvon Mvogo,Goalkeeper,1994-06-06,Switzerland,
788,Switzerland,205190,Marvin Keller,Goalkeeper,2002-07-03,Switzerland,
788,Switzerland,143,Manuel Akanji,Defence,1995-07-19,Switzerland,
788,Switzerland,1745,Ricardo Rodriguez,Defence,1992-08-25,Switzerland,
788,Switzerland,2114,Silvan Widmer,Defence,1993-03-05,Switzerland,
788,Switzerland,3475,Nico Elvedi,Defence,1996-09-30,Switzerland,
788,Switzerland,30823,Eray Cömert,Defence,1998-02-04,Switzerland,
788,Switzerland,50215,Miro Muheim,Defence,1998-03-24,Switzerland,
788,Switzerland,169297,Aurele Amenda,Defence,2003-07-31,Switzerland,
788,Switzerland,176711,Luca Jaquez,Defence,2003-06-02,Switzerland,
788,Switzerland,1841,Remo Freuler,Midfield,1992-04-15,Switzerland,
788,Switzerland,3477,Granit Xhaka,Midfield,1992-09-27,Switzerland,
788,Switzerland,6687,Denis Zakaria,Midfield,1996-11-20,Switzerland,
788,Switzerland,16265,Michel Aebischer,Midfield,1997-01-06,Switzerland,
788,Switzerland,16275,Djibril Sow,Midfield,1997-02-06,Switzerland,
788,Switzerland,16281,Christian Fassnacht,Midfield,1993-11-11,Switzerland,
788,Switzerland,31913,Ruben Vargas,Midfield,1998-08-05,Switzerland,
788,Switzerland,144909,Ardon Jasari,Midfield,2002-07-30,Switzerland,
788,Switzerland,152692,Fabian Rieder,Midfield,2002-02-16,Switzerland,
788,Switzerland,212309,Johan Manzambi,Midfield,2005-10-14,Switzerland,
788,Switzerland,3483,Breel Embolo,Offence,1997-02-14,Switzerland,
788,Switzerland,16058,Noah Okafor,Offence,2000-05-24,Switzerland,
788,Switzerland,30780,Cédric Itten,Offence,1996-12-27,Switzerland,
788,Switzerland,77641,Dan Ndoye,Offence,2000-10-25,Switzerland,
788,Switzerland,122313,Zeki Amdouni,Offence,2000-12-04,Switzerland,
791,Ecuador,24545,Hernán Galíndez,Goalkeeper,1987-03-30,Ecuador,
791,Ecuador,24881,Gonzalo Valle,Goalkeeper,1996-02-28,Ecuador,
791,Ecuador,169139,Moisés Ramírez,Goalkeeper,2000-09-09,Ecuador,
791,Ecuador,24673,Ángelo Preciado,Defence,1998-02-18,Ecuador,
791,Ecuador,24740,Félix Torres,Defence,1997-01-11,Ecuador,
791,Ecuador,32642,Pervis Estupiñán,Defence,1998-01-21,Ecuador,
791,Ecuador,114102,William Pacho,Defence,2001-10-16,Ecuador,
791,Ecuador,114331,Jackson Porozo,Defence,2000-08-04,Ecuador,
791,Ecuador,125674,Piero Hincapié,Defence,2002-01-09,Ecuador,
791,Ecuador,178928,Joel Ordoñez,Defence,2004-04-21,Ecuador,
791,Ecuador,192819,Yaimar Medina,Defence,2004-11-05,Ecuador,
791,Ecuador,24670,Alan Franco,Midfield,1998-08-21,Ecuador,
791,Ecuador,24988,Jordy Alcívar,Midfield,1999-08-05,Ecuador,
791,Ecuador,56066,Gonzalo Plata,Midfield,2000-11-01,Ecuador,
791,Ecuador,121103,Moisés Caicedo,Midfield,2001-11-02,Ecuador,
791,Ecuador,166131,Pedro Vite,Midfield,2002-03-09,Ecuador,
791,Ecuador,179174,Alan Minda,Midfield,2003-05-14,Ecuador,
791,Ecuador,205684,Ray Paez,Midfield,2007-05-04,Ecuador,
791,Ecuador,212692,Denil Castillo,Midfield,2004-03-24,Ecuador,
791,Ecuador,24562,Jordy Caicedo,Offence,1997-11-18,Ecuador,
791,Ecuador,40009,Enner Valencia,Offence,1989-11-04,Ecuador,
791,Ecuador,98549,John Yeboah,Offence,2000-06-23,Ecuador,
791,Ecuador,178940,Anthony Valencia,Offence,2003-07-21,Ecuador,
791,Ecuador,187375,Nilson Angulo,Offence,2003-06-19,Ecuador,
791,Ecuador,189975,Kevin Rodríguez,Offence,2000-03-04,Ecuador,
791,Ecuador,215510,Jeremy,Offence,2005-03-19,Ecuador,
792,Sweden,3484,Kristoffer Nordfeldt,Goalkeeper,1989-06-23,Sweden,
792,Sweden,149732,Viktor Johansson,Goalkeeper,1998-09-14,Sweden,
792,Sweden,180671,Jacob Widell Zetterström,Goalkeeper,1998-07-11,Sweden,
792,Sweden,3492,Victor Nilsson-Lindelöf,Defence,1994-07-17,Sweden,
792,Sweden,31019,Carl Starfelt,Defence,1995-06-01,Sweden,
792,Sweden,31531,Gabriel Gudmundsson,Defence,1999-04-29,Sweden,
792,Sweden,31560,Hjalmar Ekdal,Defence,1998-10-21,Sweden,
792,Sweden,31926,Eric Smith,Defence,1997-01-08,Sweden,
792,Sweden,145937,Daniel Svensson,Defence,2002-02-12,Sweden,
792,Sweden,166538,Gustaf Lagerbielke,Defence,2000-04-10,Sweden,
792,Sweden,167031,Isak Hien,Defence,1999-01-13,Sweden,
792,Sweden,167409,Herman Johansson,Defence,1997-10-16,Sweden,
792,Sweden,192811,Elliot Stroud,Defence,2002-06-22,Sweden,
792,Sweden,3500,Ken Sema,Midfield,1993-09-30,Sweden,
792,Sweden,15354,Mattias Svanberg,Midfield,1999-01-05,Sweden,
792,Sweden,31065,Jesper Karlström,Midfield,1995-06-21,Sweden,
792,Sweden,145613,Yasin Ayari,Midfield,2003-10-06,Sweden,
792,Sweden,180627,Besfort Zeneli,Midfield,2002-11-21,Sweden,
792,Sweden,180673,Taha Ali,Midfield,1998-07-01,Sweden,
792,Sweden,193622,Lucas Bergvall,Midfield,2006-02-02,Sweden,
792,Sweden,6486,Alexander Isak,Offence,1999-09-21,Sweden,
792,Sweden,8279,Viktor Gyökeres,Offence,1998-06-04,Sweden,
792,Sweden,24083,Gustaf Nilsson,Offence,1997-05-23,Sweden,
792,Sweden,72511,Benjamin Nygren,Offence,2001-07-08,Sweden,
792,Sweden,111622,Alexander Bernhardsson,Offence,1998-09-08,Sweden,
792,Sweden,166376,Anthony Elanga,Offence,2002-04-27,Sweden,
798,Czechia,120246,Jindřich Staněk,Goalkeeper,1996-04-27,Czech Republic,
798,Czechia,136350,Matej Kovar,Goalkeeper,2000-05-17,Czech Republic,
798,Czechia,146753,Lukáš Horníček,Goalkeeper,2002-07-13,Czech Republic,
798,Czechia,62493,Ladislav Krejčí,Defence,1999-04-20,Czech Republic,
798,Czechia,62536,Jaroslav Zelený,Defence,1992-08-20,Czech Republic,
798,Czechia,62631,Vladimir Coufal,Defence,1992-08-22,Czech Republic,
798,Czechia,62769,Tomáš Holeš,Defence,1993-03-31,Czech Republic,
798,Czechia,127813,David Zima,Defence,2000-11-08,Czech Republic,
798,Czechia,146716,David Jurásek,Defence,2000-08-07,Czech Republic,
798,Czechia,188239,Robin Hranac,Defence,2000-01-29,Czech Republic,
798,Czechia,254530,Štěpán Chaloupek,Defence,2003-03-08,Czech Republic,
798,Czechia,6556,Vladimír Darida,Midfield,1990-08-08,Czech Republic,
798,Czechia,15742,Tomáš Souček,Midfield,1995-02-27,Czech Republic,
798,Czechia,62821,David Douděra,Midfield,1998-05-31,Czech Republic,
798,Czechia,67970,Michal Sadílek,Midfield,1999-05-31,Czech Republic,
798,Czechia,120279,Lukáš Provod,Midfield,1996-10-23,Czech Republic,
798,Czechia,121312,Pavel Šulc,Midfield,2000-12-29,Czech Republic,
798,Czechia,145322,Lukáš Červ,Midfield,2001-04-10,Czech Republic,
798,Czechia,154082,Denis Višinský,Midfield,2003-03-21,Czech Republic,
798,Czechia,269966,Alexandr Sojka,Midfield,2003-04-02,Czech Republic,
798,Czechia,293648,Hugo Sochůrek,Midfield,2008-06-07,Czech Republic,
798,Czechia,1826,Patrik Schick,Offence,1996-01-24,Czech Republic,
798,Czechia,16396,Tomáš Chorý,Offence,1995-01-26,Czech Republic,
798,Czechia,62726,Jan Kuchta,Offence,1997-01-08,Czech Republic,
798,Czechia,99042,Adam Hložek,Offence,2002-07-25,Czech Republic,
798,Czechia,99752,Mojmír Chytil,Offence,1999-04-29,Czech Republic,
799,Croatia,3548,Dominik Livaković,Goalkeeper,1995-01-09,Croatia,
799,Croatia,16577,Ivor Pandur,Goalkeeper,2000-03-25,Croatia,
799,Croatia,67883,Dominik Kotarski,Goalkeeper,2000-02-10,Croatia,
799,Croatia,10206,Duje Ćaleta-Car,Defence,1996-09-17,Croatia,
799,Croatia,15110,Marin Pongračić,Defence,1997-09-11,Croatia,
799,Croatia,74268,Martin Erlic,Defence,1998-01-24,Croatia,
799,Croatia,122188,Josip Stanišić,Defence,2000-04-02,Croatia,
799,Croatia,122266,Joško Gvardiol,Defence,2002-01-23,Croatia,
799,Croatia,134835,Josip Šutalo,Defence,2000-02-28,Croatia,
799,Croatia,216835,Luka Vušković,Defence,2007-02-24,Croatia,
799,Croatia,43,Luka Modrić,Midfield,1985-09-09,Croatia,
799,Croatia,65,Mateo Kovačić,Midfield,1994-05-06,Croatia,
799,Croatia,3553,Mario Pašalić,Midfield,1995-02-09,Croatia,
799,Croatia,7843,Nikola Vlašić,Midfield,1997-10-04,Croatia,
799,Croatia,23135,Nikola Moro,Midfield,1998-03-12,Croatia,
799,Croatia,23222,Kristijan Jakić,Midfield,1997-05-14,Croatia,
799,Croatia,82516,Luka Sučić,Midfield,2002-09-08,Croatia,
799,Croatia,154013,Petar Sucic,Midfield,2003-10-25,Croatia,
799,Croatia,156912,Martin Baturina,Midfield,2003-02-16,Croatia,
799,Croatia,216138,Toni Fruk,Midfield,2001-03-09,Croatia,
799,Croatia,318,Andrej Kramarić,Offence,1991-06-19,Croatia,
799,Croatia,2004,Ivan Perišić,Offence,1989-02-02,Croatia,
799,Croatia,2237,Ante Budimir,Offence,1991-07-22,Croatia,
799,Croatia,56589,Petar Musa,Offence,1998-03-04,Croatia,
799,Croatia,150052,Marco Pašalić,Offence,2000-09-14,Croatia,
799,Croatia,156629,Igor Matanovic,Offence,2003-03-31,Croatia,
801,Saudi Arabia,3561,Mohammed Al Owais,Goalkeeper,1991-10-10,Saudi Arabia,
801,Saudi Arabia,233580,Nawaf Al Aqidi,Goalkeeper,2000-05-10,Saudi Arabia,
801,Saudi Arabia,249787,Ahmed Al Kassar,Goalkeeper,1991-05-08,Saudi Arabia,
801,Saudi Arabia,103094,Abdulelah Al Amri,Defence,1997-01-15,Saudi Arabia,
801,Saudi Arabia,129098,Saud Abdulhamid,Defence,1999-07-18,Saudi Arabia,
801,Saudi Arabia,132018,Ali Lajami,Defence,1996-04-24,Saudi Arabia,
801,Saudi Arabia,244368,Hassan Al Tambakti,Defence,1999-02-09,Saudi Arabia,
801,Saudi Arabia,244552,Hassan Kadesh,Defence,1992-09-27,Saudi Arabia,
801,Saudi Arabia,253246,Moteb Al Harbi,Defence,2000-02-20,Saudi Arabia,
801,Saudi Arabia,295325,Ali Majrashi,Defence,1999-10-01,Saudi Arabia,
801,Saudi Arabia,295850,Jehad Thakri,Defence,2001-07-21,Saudi Arabia,
801,Saudi Arabia,295852,Nawaf Boushal,Defence,1999-09-16,Saudi Arabia,
801,Saudi Arabia,3574,Salem Al Dawsari,Midfield,1991-08-19,Saudi Arabia,
801,Saudi Arabia,3583,Abdullah Al Khaibari,Midfield,1996-08-16,Saudi Arabia,
801,Saudi Arabia,166119,Nasser Al Dawsari,Midfield,1998-12-19,Saudi Arabia,
801,Saudi Arabia,189703,Ayman Yahya,Midfield,2001-05-14,Saudi Arabia,
801,Saudi Arabia,248781,Musab Al Juwayr,Midfield,2003-06-20,Saudi Arabia,
801,Saudi Arabia,248783,Mohammed Kanno,Midfield,1994-09-22,Saudi Arabia,
801,Saudi Arabia,295324,Ziyad Al-Johani,Midfield,2001-11-11,Saudi Arabia,
801,Saudi Arabia,295849,Mohammed Abu Al Shamat,Midfield,2002-08-11,Saudi Arabia,
801,Saudi Arabia,295851,Alaa Al Hejji,Midfield,1995-12-03,Saudi Arabia,
801,Saudi Arabia,114373,Sultan Mandash,Offence,1994-10-17,Saudi Arabia,
801,Saudi Arabia,166114,Saleh Al Shehri,Offence,1993-11-01,Saudi Arabia,
801,Saudi Arabia,189799,Abdullah Al-Hamdan,Offence,1999-09-12,Saudi Arabia,
801,Saudi Arabia,244411,Khalid Al Ghannam,Offence,2000-11-07,Saudi Arabia,
801,Saudi Arabia,249786,Firas Al Brikan,Offence,2000-05-14,Saudi Arabia,
802,Tunisia,99393,Aymen Dahmen,Goalkeeper,1997-01-28,Tunisia,
802,Tunisia,295200,Sabri Ben Hessen,Goalkeeper,1996-06-13,Tunisia,
802,Tunisia,295202,Abdelmouhib Chamakh,Goalkeeper,2001-08-25,Tunisia,
802,Tunisia,3595,Dylan Bronn,Defence,1995-06-19,Tunisia,
802,Tunisia,99394,Ali El Abdi,Defence,1993-12-20,Tunisia,
802,Tunisia,99799,Yan Valery,Defence,1999-02-22,Tunisia,
802,Tunisia,130471,Mortadha Ben Ouanes,Defence,1994-07-02,Tunisia,
802,Tunisia,144669,Omar Rekik,Defence,2001-12-20,Tunisia,
802,Tunisia,173578,Yassine Chikhaoui,Defence,2004-06-09,,
802,Tunisia,177695,Montassar Talbi,Defence,1998-05-26,Tunisia,
802,Tunisia,189007,Moutaz Neffati,Defence,2004-09-04,Tunisia,
802,Tunisia,273918,Mohamed Amine Ben Hamida,Defence,1995-12-15,Tunisia,
802,Tunisia,285769,Adem Arous,Defence,2004-07-17,Tunisia,
802,Tunisia,3608,Ellyes Skhiri,Midfield,1995-05-10,Tunisia,
802,Tunisia,6657,Rani Khedira,Midfield,1994-01-27,Tunisia,
802,Tunisia,141826,Anis Ben Slimane,Midfield,2001-03-16,Tunisia,
802,Tunisia,161414,Ismaël Gharbi,Midfield,2004-04-10,Tunisia,
802,Tunisia,169325,Hannibal Mejbri,Midfield,2003-01-21,Tunisia,
802,Tunisia,171368,Elias Achouri,Midfield,1999-02-10,Tunisia,
802,Tunisia,172854,Hadj Mahmoud,Midfield,2000-04-24,Tunisia,
802,Tunisia,95125,Sebastian Tounekti,Offence,2002-07-13,Tunisia,
802,Tunisia,97476,Firas Chaouat,Offence,1996-05-08,Tunisia,
802,Tunisia,171927,Elias Saad,Offence,1999-12-27,Tunisia,
802,Tunisia,277192,Hazem Mastouri,Offence,1997-06-18,Tunisia,
802,Tunisia,279116,Rayan Elloumi,Offence,2007-09-17,Tunisia,
802,Tunisia,295662,Khalil Ayari,Offence,2005-02-02,Tunisia,
803,Turkey,16641,Mert Günok,Goalkeeper,1989-03-01,Turkey,
803,Turkey,29518,Altay Bayındır,Goalkeeper,1998-04-14,Turkey,
803,Turkey,30283,Uğurcan Çakır,Goalkeeper,1996-04-05,Turkey,
803,Turkey,9475,Çağlar Söyüncü,Defence,1996-05-23,Turkey,
803,Turkey,9512,Kaan Ayhan,Defence,1994-11-10,Turkey,
803,Turkey,9869,Ferdi Kadıoğlu,Defence,1999-10-07,Turkey,
803,Turkey,10647,Mert Müldür,Defence,1999-04-03,Turkey,
803,Turkey,29622,Zeki Çelik,Defence,1997-02-17,Turkey,
803,Turkey,29804,Abdülkerim Bardakcı,Defence,1994-09-07,Turkey,
803,Turkey,30548,Ozan Kabak,Defence,2000-03-25,Turkey,
803,Turkey,37118,Merih Demiral,Defence,1998-03-05,Turkey,
803,Turkey,127226,Samet Akaydın,Defence,1994-03-13,Turkey,
803,Turkey,145831,Evren Eren Elmalı,Defence,2000-07-07,Turkey,
803,Turkey,201,Salih Özcan,Midfield,1998-01-11,Turkey,
803,Turkey,1754,Hakan Çalhanoğlu,Midfield,1994-02-08,Turkey,
803,Turkey,7474,Orkun Kökçü,Midfield,2000-12-29,Turkey,
803,Turkey,148295,İsmail Yüksek,Midfield,1999-01-26,Turkey,
803,Turkey,169162,Arda Guler,Midfield,2005-02-25,Turkey,
803,Turkey,171972,Oguz Aydin,Midfield,2000-10-27,Turkey,
803,Turkey,172081,Baris Yilmaz,Midfield,2000-05-23,Turkey,
803,Turkey,180964,İrfan Kahveci,Midfield,1995-07-15,Turkey,
803,Turkey,79906,Yunus Akgün,Offence,2000-07-07,Turkey,
803,Turkey,149737,Muhammed Kerem Aktürkoğlu,Offence,1998-10-21,Turkey,
803,Turkey,188466,Deniz Gul,Offence,2004-07-02,Turkey,
803,Turkey,191712,Kenan Yıldız,Offence,2005-05-04,Turkey,
803,Turkey,193605,Can Uzun,Offence,2005-11-11,Turkey,
804,Senegal,805,Edouard Mendy,Goalkeeper,1992-03-01,Senegal,
804,Senegal,8608,Yehvann Diouf,Goalkeeper,1999-11-16,Senegal,
804,Senegal,20931,Mory Diaw,Goalkeeper,1993-06-22,Senegal,
804,Senegal,194,Ismail Jakobs,Defence,1999-08-17,Senegal,
804,Senegal,2086,Kalidou Koulibaly,Defence,1991-06-20,Senegal,
804,Senegal,8723,Moussa Niakhaté,Defence,1996-03-08,Senegal,
804,Senegal,38154,Abdoulaye Seck,Defence,1992-06-04,Senegal,
804,Senegal,168667,Antoine Mendy,Defence,2004-05-27,Senegal,
804,Senegal,190866,Mamadou Sarr,Defence,2005-08-29,Senegal,
804,Senegal,205441,El Hadji Diouf,Defence,2004-12-28,Senegal,
804,Senegal,633,Pape Gueye,Midfield,1999-01-24,Senegal,
804,Senegal,3627,Idrissa Gana Guèye,Midfield,1989-09-26,Senegal,
804,Senegal,3638,Ismaïla Sarr,Midfield,1998-02-25,Senegal,
804,Senegal,8887,Krépin Diatta,Midfield,1999-02-25,Senegal,
804,Senegal,37649,Pathé Ciss,Midfield,1994-03-16,Senegal,
804,Senegal,94091,Iliman Ndiaye,Midfield,2000-03-06,Senegal,
804,Senegal,170391,Pape Sarr,Midfield,2002-09-14,Senegal,
804,Senegal,171876,Habib Diarra,Midfield,2004-01-03,Senegal,
804,Senegal,204269,Lamine Camara,Midfield,2004-01-01,Senegal,
804,Senegal,290450,Bara Ndiaye,Midfield,2007-12-31,Senegal,
804,Senegal,3626,Sadio Mané,Offence,1992-04-10,Senegal,
804,Senegal,9148,Cherif Ndiaye,Offence,1996-01-23,Senegal,
804,Senegal,152515,Nicolas Jackson,Offence,2001-06-20,Senegal,
804,Senegal,166640,Ahmadou Bamba Dieng,Offence,2000-03-23,Senegal,
804,Senegal,218474,Assane Diao,Offence,2005-09-07,Senegal,
804,Senegal,265040,Ibrahim M'Baye,Offence,2008-01-24,Senegal,
804,Senegal,252052,Pape Thiaw,Coach,1981-02-05,Senegal,
805,Belgium,3641,Thibaut Courtois,Goalkeeper,1992-05-11,Belgium,
805,Belgium,129946,Senne Lammens,Goalkeeper,2002-07-07,Belgium,
805,Belgium,191068,Mike Penders,Goalkeeper,2005-07-31,Belgium,
805,Belgium,1836,Timothy Castagne,Defence,1995-12-05,Belgium,
805,Belgium,3650,Thomas Meunier,Defence,1991-09-12,Belgium,
805,Belgium,8873,Brandon Mechele,Defence,1993-01-28,Belgium,
805,Belgium,142075,Maxim De Cuyper,Defence,2000-12-22,Belgium,
805,Belgium,145893,Arthur Theate,Defence,2000-05-25,Belgium,
805,Belgium,153556,Koni De Winter,Defence,2002-06-12,Belgium,
805,Belgium,160926,Zeno Debast,Defence,2003-10-24,Belgium,
805,Belgium,192677,Nathan Ngoy,Defence,2003-06-10,Belgium,
805,Belgium,213534,Joaquin Seys,Defence,2005-03-28,Belgium,
805,Belgium,3654,Kevin De Bruyne,Midfield,1991-06-28,Belgium,
805,Belgium,3656,Axel Witsel,Midfield,1989-01-12,Belgium,
805,Belgium,3658,Youri Tielemans,Midfield,1997-05-07,Belgium,
805,Belgium,8128,Dodi Lukebakio,Midfield,1997-09-24,Belgium,
805,Belgium,8858,Alexis Saelemaekers,Midfield,1999-06-27,Belgium,
805,Belgium,8888,Hans Vanaken,Midfield,1992-08-24,Belgium,
805,Belgium,8915,Nicolas Raskin,Midfield,2001-02-23,Belgium,
805,Belgium,99775,Jeremy Doku,Midfield,2002-05-27,Belgium,
805,Belgium,114024,Amadou Onana,Midfield,2001-08-16,Belgium,
805,Belgium,182192,Diego Moreira,Midfield,2004-08-06,Belgium,
805,Belgium,3662,Romelu Lukaku,Offence,1993-05-13,Belgium,
805,Belgium,8984,Leandro Trossard,Offence,1994-12-04,Belgium,
805,Belgium,129947,Charles De Ketelaere,Offence,2001-03-10,Belgium,
805,Belgium,213511,Matias Fernandez-Pardo,Offence,2005-02-03,Belgium,
815,Morocco,3693,Munir Mohamedi,Goalkeeper,1989-05-10,Morocco,
815,Morocco,3694,Yassine Bounou,Goalkeeper,1991-04-05,Morocco,
815,Morocco,3695,Ahmed Reda Tagnaouti,Goalkeeper,1996-04-05,Morocco,
815,Morocco,53,Achraf Hakimi,Defence,1998-11-04,Morocco,
815,Morocco,7553,Noussair Mazraoui,Defence,1997-11-14,Morocco,
815,Morocco,8296,Issa Diop,Defence,1997-01-09,France,
815,Morocco,81191,Nayef Aguerd,Defence,1996-03-30,Morocco,
815,Morocco,137693,Anass Salah-Eddine,Defence,2002-01-18,Morocco,
815,Morocco,150948,Chadi Riad,Defence,2003-06-17,Morocco,
815,Morocco,172822,Redouane Halhal,Defence,2003-03-05,France,
815,Morocco,213459,Zakaria El Ouahdi,Defence,2001-12-31,Morocco,
815,Morocco,277391,Youssef Belammari,Defence,1998-09-20,Morocco,
815,Morocco,3705,Sofyan Amrabat,Midfield,1996-08-21,Morocco,
815,Morocco,7887,Brahim Diaz,Midfield,1999-08-03,Morocco,
815,Morocco,122511,Azzedine Ounahi,Midfield,2000-04-19,Morocco,
815,Morocco,130173,Ismael Saibari,Midfield,2001-01-28,Morocco,
815,Morocco,170647,Neil El Aynaoui,Midfield,2001-07-02,Morocco,
815,Morocco,189873,Bilal El Khannouss,Midfield,2005-05-09,Morocco,
815,Morocco,192313,Chemsdine Talbi,Midfield,2005-05-09,Morocco,
815,Morocco,221819,Ayyoub Bouaddi,Midfield,2007-10-02,France,
815,Morocco,244929,Samir El Mourabet,Midfield,2005-10-06,Morocco,
815,Morocco,130502,Soufiane Rahimi,Offence,1996-06-02,Morocco,
815,Morocco,172417,Ayoub El Kaabi,Offence,1993-06-25,Morocco,
815,Morocco,175941,Abdessamad Ezzalzouli,Offence,2001-12-17,Morocco,
815,Morocco,245336,Gessime Yassine,Offence,2005-11-22,France,
815,Morocco,261438,Ayoube Amaimouni-Echghouyab,Offence,2004-11-30,Morocco,
816,Austria,10702,Alexander Schlager,Goalkeeper,1996-02-01,Austria,
816,Austria,10837,Patrick Pentz,Goalkeeper,1997-01-02,Austria,
816,Austria,217244,Florian Wiegele,Goalkeeper,2001-03-21,Austria,
816,Austria,349,David Alaba,Defence,1992-06-24,Austria,
816,Austria,395,Stefan Posch,Defence,1997-05-14,Austria,
816,Austria,6576,Philipp Mwene,Defence,1994-01-29,Austria,
816,Austria,6655,Kevin Danso,Defence,1998-09-19,Austria,
816,Austria,9447,Marco Friedl,Defence,1998-03-16,Austria,
816,Austria,9477,Philipp Lienhart,Defence,1996-07-11,Austria,
816,Austria,61968,Michael Svoboda,Defence,1998-10-15,Austria,
816,Austria,113457,Alexander Prass,Defence,2001-05-26,Austria,
816,Austria,123212,David Affengruber,Defence,2001-03-19,Austria,
816,Austria,404,Florian Grillitsch,Midfield,1995-08-07,Austria,
816,Austria,6501,Alessandro Schöpf,Midfield,1994-02-07,Austria,
816,Austria,9549,Konrad Laimer,Midfield,1997-05-27,Austria,
816,Austria,9551,Marcel Sabitzer,Midfield,1994-03-17,Austria,
816,Austria,16344,Xaver Schlager,Midfield,1997-09-28,Austria,
816,Austria,16346,Romano Schmid,Midfield,2000-01-27,Austria,
816,Austria,56829,Christoph Baumgartner,Midfield,1999-08-01,Austria,
816,Austria,113038,Nicolas  Seiwald,Midfield,2001-05-04,Austria,
816,Austria,124324,Patrick Wimmer,Midfield,2001-05-30,Austria,
816,Austria,167570,Carney Chukwuemeka,Midfield,2003-10-20,Austria,
816,Austria,176932,Paul Wanner,Midfield,2005-12-23,Austria,
816,Austria,6661,Michael Gregoritsch,Offence,1994-04-18,Austria,
816,Austria,8223,Marko Arnautovic,Offence,1989-04-19,Austria,
816,Austria,10761,Saša Kalajdžić,Offence,1997-07-07,Austria,
818,Colombia,3721,Camilo Vargas,Goalkeeper,1989-03-09,Colombia,
818,Colombia,3722,David Ospina,Goalkeeper,1988-08-31,Colombia,
818,Colombia,22742,Álvaro Montero,Goalkeeper,1995-03-29,Colombia,
818,Colombia,3723,Santiago Arias,Defence,1992-01-13,Colombia,
818,Colombia,3724,Johan Mojica,Defence,1992-08-21,Colombia,
818,Colombia,3728,Yerry Mina,Defence,1994-09-23,Colombia,
818,Colombia,3733,Davinson Sánchez,Defence,1996-06-12,Colombia,
818,Colombia,8913,Deiver Machado,Defence,1993-09-02,Colombia,
818,Colombia,22010,Daniel Muñoz,Defence,1996-05-26,Colombia,
818,Colombia,22113,Jhon Lucumí,Defence,1998-06-26,Colombia,
818,Colombia,82825,Willer Ditta,Defence,1997-01-23,Colombia,
818,Colombia,365,James Rodríguez,Midfield,1991-07-12,Colombia,
818,Colombia,3737,Jefferson Lerma,Midfield,1994-10-25,Colombia,
818,Colombia,22306,Jhon Arias,Midfield,1997-09-21,Colombia,
818,Colombia,29012,Jorge Carrascal,Midfield,1998-05-25,Colombia,
818,Colombia,156738,Kevin Castaño,Midfield,2000-09-29,Colombia,
818,Colombia,168403,Juan Quintero,Midfield,1993-01-18,Colombia,
818,Colombia,170245,Jaminton Campaz,Midfield,2000-05-24,Colombia,
818,Colombia,170657,Richard Rios,Midfield,2000-06-02,Colombia,
818,Colombia,178353,Juan Portilla,Midfield,1998-09-12,Colombia,
818,Colombia,191421,Gustavo Puerta,Midfield,2003-07-23,Colombia,
818,Colombia,212,Jhon Córdoba,Offence,1993-05-11,Colombia,
818,Colombia,22396,Luis Díaz,Offence,1997-01-13,Colombia,
818,Colombia,32386,Luis Suárez,Offence,1997-12-02,Colombia,
818,Colombia,32415,Cucho Hernández,Offence,1999-04-20,Colombia,
818,Colombia,178432,Carlos Gómez,Offence,2002-09-12,Colombia,
825,Egypt,3743,Mohamed El Shenawy,Goalkeeper,1988-12-18,Egypt,
825,Egypt,132128,Mohamed Alaa,Goalkeeper,1999-09-01,Egypt,
825,Egypt,251169,Oufa Shobeir,Goalkeeper,2000-03-17,Egypt,
825,Egypt,295344,El Mahdi Soliman,Goalkeeper,1987-06-08,Egypt,
825,Egypt,780,Karim Hafez,Defence,1996-03-12,Egypt,
825,Egypt,83057,Mohamed Hany,Defence,1996-01-25,Egypt,
825,Egypt,245519,Yasser Ibrahim,Defence,1993-02-10,Egypt,
825,Egypt,245553,Ahmed El Fotouh,Defence,1998-03-22,Egypt,
825,Egypt,245563,Mohamed Abdelmonem,Defence,1999-02-01,Egypt,
825,Egypt,245625,Rami Rabia,Defence,1993-05-20,Egypt,
825,Egypt,261033,Hossam Abdelmaguid,Defence,2001-04-30,Egypt,
825,Egypt,295343,Tarek Alaa,Defence,2002-01-05,Egypt,
825,Egypt,45207,Zizo,Midfield,1996-01-10,Egypt,
825,Egypt,114669,Nabil Dunga,Midfield,1996-04-06,Egypt,
825,Egypt,132389,Hamdy Fathy,Midfield,1994-09-29,Egypt,
825,Egypt,180952,Trezeguet,Midfield,1994-10-01,Egypt,
825,Egypt,191972,Emam Ashour,Midfield,1998-02-20,Egypt,
825,Egypt,245550,Mohanad Lashin,Midfield,1996-05-29,Egypt,
825,Egypt,245582,Marwan Attia,Midfield,1998-08-12,Egypt,
825,Egypt,261012,Mahmoud Saber,Midfield,2001-07-30,Egypt,
825,Egypt,295848,Mostafa Ziko,Midfield,1997-04-27,Egypt,
825,Egypt,3754,Mohamed Salah,Offence,1992-06-15,Egypt,
825,Egypt,66896,Omar Marmoush,Offence,1999-02-07,Egypt,
825,Egypt,98222,Haissem Hassan,Offence,2002-02-08,Egypt,
825,Egypt,253635,Ibrahim Adel,Offence,2001-04-24,Egypt,
825,Egypt,274542,Hamza Abdelkarim,Offence,2008-01-01,Egypt,
828,Canada,21226,Maxime Crépeau,Goalkeeper,1994-05-11,Canada,
828,Canada,113351,Dayne St. Clair,Goalkeeper,1997-05-09,Canada,
828,Canada,189264,Owen Goodman,Goalkeeper,2003-11-27,Canada,
828,Canada,21288,Alphonso Davies,Defence,2000-11-02,Canada,
828,Canada,77691,Richie Laryea,Defence,1995-01-07,Canada,
828,Canada,81286,Alfie Jones,Defence,1997-10-07,Canada,
828,Canada,112209,Joel Waterman,Defence,1996-01-24,Canada,
828,Canada,113228,Derek Cornelius,Defence,1997-11-25,Canada,
828,Canada,118604,Alistair Johnston,Defence,1998-10-08,Canada,
828,Canada,192153,Moise Bombito,Defence,2000-03-30,Canada,
828,Canada,217596,Luc De Fougerolles,Defence,2005-10-12,Canada,
828,Canada,21199,Jonathan Osorio,Midfield,1992-12-06,Canada,
828,Canada,37479,Stephen Eustáquio,Midfield,1996-12-21,Canada,
828,Canada,72777,Mathieu Choinière,Midfield,1999-02-07,Canada,
828,Canada,113175,Tajon Buchanan,Midfield,1999-02-08,Canada,
828,Canada,140546,Marcelo Flores,Midfield,2003-10-01,Canada,
828,Canada,171216,Nathan-Dylan Saliba,Midfield,2004-02-07,Canada,
828,Canada,172183,Ismael Kone,Midfield,2002-06-06,Canada,
828,Canada,181976,Ali Ahmed,Midfield,2000-10-10,Canada,
828,Canada,216809,Niko Sigur,Midfield,2003-09-09,Canada,
828,Canada,8924,Jonathan David,Offence,2000-01-14,Canada,
828,Canada,15958,Cyle Larin,Offence,1995-04-17,Canada,
828,Canada,110807,Liam Millar,Offence,1999-09-27,Canada,
828,Canada,111842,Jacob Shaffelburg,Offence,1999-11-26,Canada,
828,Canada,177826,Tani Oluwaseyi,Offence,2000-05-15,Canada,
828,Canada,260992,Promise Akinpelu,Offence,2001-07-03,Canada,
836,Haiti,154781,Alexandre Pierre,Goalkeeper,2001-02-25,Haiti,
836,Haiti,170624,Johny Placide,Goalkeeper,1988-01-29,Haiti,
836,Haiti,295199,Josué Duverger,Goalkeeper,2000-04-27,Haiti,
836,Haiti,532,Carlens Arcus,Defence,1996-06-28,Haiti,
836,Haiti,776,Jean-Kevin Duverne,Defence,1997-08-12,Haiti,
836,Haiti,8845,Hannes Delcroix,Defence,1999-02-28,Haiti,
836,Haiti,158228,Martin Expérience,Defence,1999-03-09,Haiti,
836,Haiti,166220,Ricardo Adé,Defence,1990-05-21,Haiti,
836,Haiti,253605,Duke LaCroix,Defence,1993-10-14,Haiti,
836,Haiti,256398,Keeto Thermoncy,Defence,2006-03-29,Haiti,
836,Haiti,291152,Wilguens Paugain,Defence,2001-08-24,Haiti,
836,Haiti,433,Leverton Pierre,Midfield,1998-03-09,Haiti,
836,Haiti,788,Jean-Ricner Bellegarde,Midfield,1998-06-27,Haiti,
836,Haiti,77609,Derrick Etienne,Midfield,1996-11-25,Haiti,
836,Haiti,177049,Danley Jean Jacques,Midfield,2000-05-20,Haiti,
836,Haiti,182788,Dominique Simon,Midfield,2000-07-29,Haiti,
836,Haiti,250006,Carl Sainté,Midfield,2002-08-09,Haiti,
836,Haiti,295197,Woodensky Pierre,Midfield,2004-12-30,Haiti,
836,Haiti,5380,Duckens Nazon,Offence,1994-04-07,Haiti,
836,Haiti,74870,Frantzdy Pierrot,Offence,1995-03-29,Haiti,
836,Haiti,82421,Yassin Fortune,Offence,1999-01-30,Haiti,
836,Haiti,83599,Wilson Isidor,Offence,2000-08-27,Haiti,
836,Haiti,106726,Lenny Joseph,Offence,2000-10-12,Haiti,
836,Haiti,125787,Louicius Don Deedson,Offence,2001-02-11,Haiti,
836,Haiti,152737,Josué Casimir,Offence,2001-09-24,Haiti,
836,Haiti,152801,Ruben Providence,Offence,2001-07-07,Haiti,
840,Iran,3797,Hossein Hosseini,Goalkeeper,1992-06-30,Iran,
840,Iran,103099,Payam Niazmand,Goalkeeper,1995-04-06,Iran,
840,Iran,171319,Alireza Beiranvand,Goalkeeper,1992-09-21,Iran,
840,Iran,3800,Ehsan Hajsafi,Defence,1990-02-25,Iran,
840,Iran,3804,Ramin Rezaeian,Defence,1990-03-21,Iran,
840,Iran,3811,Milad Mohammadi,Defence,1993-09-29,Iran,
840,Iran,231884,Hossein Kanaanizadegan,Defence,1994-03-23,Iran,
840,Iran,231889,Shojae Khalilzadeh,Defence,1989-05-14,Iran,
840,Iran,231900,Rouzbeh Cheshmi,Defence,1993-07-24,Iran,
840,Iran,249673,Saleh Hardani,Defence,1998-12-26,Iran,
840,Iran,295339,Ali Nemati,Defence,1996-02-07,Iran,
840,Iran,295340,Danial Eiri,Defence,2003-10-26,Iran,
840,Iran,3821,Saeid Ezatolahi,Midfield,1996-10-01,Iran,
840,Iran,189724,Mehdi Torabi,Midfield,1994-09-10,Iran,
840,Iran,189790,Mohammad Ghorbani,Midfield,2001-05-21,Iran,
840,Iran,244158,Ariya Yousefi,Midfield,2002-04-22,Iran,
840,Iran,249672,Medhi Ghayedi,Midfield,1998-12-05,Iran,
840,Iran,295334,Amir Razzaghinia,Midfield,2006-04-11,Iran,
840,Iran,3819,Alireza Jahanbakhsh,Offence,1993-08-11,Iran,
840,Iran,3820,Mehdi Taremi,Offence,1992-07-18,Iran,
840,Iran,33634,Dennis Eckert,Offence,1997-01-09,Iran,
840,Iran,119530,Ali Alipour,Offence,1995-11-11,Iran,
840,Iran,152180,Shahriar Moghanlou,Offence,1994-12-21,Iran,
840,Iran,172641,Mohammad Mohebi,Offence,1998-12-20,Iran,
840,Iran,179746,Saman Ghoddos,Offence,1993-09-06,Iran,
840,Iran,254746,Amir Hosseinzadeh,Offence,2000-10-30,Iran,
1060,Bosnia-Herzegovina,17645,Martin Zlomislić,Goalkeeper,1998-08-16,Bosnia-Herzegovina,
1060,Bosnia-Herzegovina,65105,Nikola Vasilj,Goalkeeper,1995-12-02,Bosnia-Herzegovina,
1060,Bosnia-Herzegovina,276572,Mladen Jurkas,Goalkeeper,2007-10-07,Bosnia-Herzegovina,
1060,Bosnia-Herzegovina,7786,Sead Kolašinac,Defence,1993-06-20,Bosnia-Herzegovina,
1060,Bosnia-Herzegovina,15357,Dennis Hadžikadunić,Defence,1998-07-09,Bosnia-Herzegovina,
1060,Bosnia-Herzegovina,17869,Nihad Mujakić,Defence,1998-04-15,Bosnia-Herzegovina,
1060,Bosnia-Herzegovina,23182,Nikola Katić,Defence,1996-10-10,Bosnia-Herzegovina,
1060,Bosnia-Herzegovina,65758,Stjepan Radeljić,Defence,1997-09-05,Bosnia-Herzegovina,
1060,Bosnia-Herzegovina,81816,Amar Dedić,Defence,2002-08-18,Austria,
1060,Bosnia-Herzegovina,189153,Tarik Muharemović,Defence,2003-02-28,Bosnia-Herzegovina,
1060,Bosnia-Herzegovina,216398,Nidal Čelik,Defence,2006-07-17,Bosnia-Herzegovina,
1060,Bosnia-Herzegovina,9400,Dženis Burnić,Midfield,1998-05-22,Bosnia-Herzegovina,
1060,Bosnia-Herzegovina,23206,Ivan Šunjić,Midfield,1996-10-09,Bosnia-Herzegovina,
1060,Bosnia-Herzegovina,30102,Amir Hadžiahmetović,Midfield,1997-03-08,Bosnia-Herzegovina,
1060,Bosnia-Herzegovina,119385,Armin Gigovic,Midfield,2002-04-06,Bosnia-Herzegovina,
1060,Bosnia-Herzegovina,147030,Ivan Bašić,Midfield,2002-04-30,Bosnia-Herzegovina,
1060,Bosnia-Herzegovina,189280,Benjamin Tahirovic,Midfield,2003-03-03,Bosnia-Herzegovina,
1060,Bosnia-Herzegovina,221764,Ermin Mahmic,Midfield,2005-03-14,Bosnia and Herzegovina,
1060,Bosnia-Herzegovina,275052,Amar Memić,Midfield,2001-01-20,Bosnia-Herzegovina,
1060,Bosnia-Herzegovina,1822,Edin Džeko,Offence,1986-03-17,Bosnia-Herzegovina,
1060,Bosnia-Herzegovina,17767,Jovo Lukić,Offence,1998-11-28,Bosnia-Herzegovina,
1060,Bosnia-Herzegovina,33242,Ermedin Demirovic,Offence,1998-03-25,Bosnia-Herzegovina,
1060,Bosnia-Herzegovina,63218,Haris Tabaković,Offence,1994-06-20,Bosnia-Herzegovina,
1060,Bosnia-Herzegovina,172226,Samed Bazdar,Offence,2004-01-31,Bosnia-Herzegovina,
1060,Bosnia-Herzegovina,186380,Esmir Bajraktarevic,Offence,2005-03-10,Bosnia-Herzegovina,
1060,Bosnia-Herzegovina,272213,Kerim Alajbegović,Offence,2007-09-21,Bosnia-Herzegovina,
1836,Panama,28382,Luis Mejía,Goalkeeper,1991-03-16,Panama,
1836,Panama,100186,Orlando Mosquera,Goalkeeper,1994-12-25,Panama,
1836,Panama,110566,Cesar Samudio,Goalkeeper,1994-03-23,Panama,
1836,Panama,22771,Roderick Miller,Defence,1992-04-03,Panama,
1836,Panama,43786,Fidel Escobar,Defence,1995-01-09,Panama,
1836,Panama,43787,Éric Davis,Defence,1991-03-31,Panama,
1836,Panama,76711,Andrés Andrade,Defence,1998-10-16,Panama,
1836,Panama,84481,César Blackman,Defence,1998-04-02,Panama,
1836,Panama,100199,Jiovany Ramos,Defence,1997-01-26,Panama,
1836,Panama,103208,José Cordoba,Defence,2001-06-03,Panama,
1836,Panama,188908,Michael Murillo,Defence,1996-02-11,Panama,
1836,Panama,253717,Edgardo Fariña,Defence,2001-09-21,Panama,
1836,Panama,275040,Jorge Gutiérrez,Defence,1998-09-01,Panama,
1836,Panama,3864,Adalberto Carrasquilla,Midfield,1998-11-28,Panama,
1836,Panama,8919,José Luis Rodríguez,Midfield,1998-06-19,Panama,
1836,Panama,28668,Cecilio Waterman,Midfield,1991-04-13,Panama,
1836,Panama,39139,Édgar Bárcenas,Midfield,1993-10-23,Panama,
1836,Panama,43793,Aníbal Godoy,Midfield,1990-02-10,Panama,
1836,Panama,58751,Alberto Quintero,Midfield,1987-12-18,Panama,
1836,Panama,103158,Carlos Harvey,Midfield,2000-02-03,Panama,
1836,Panama,110577,César Yanis,Midfield,1996-01-28,Panama,
1836,Panama,166946,Christian Martinez,Midfield,1997-02-06,Panama,
1836,Panama,3868,José Fajardo,Offence,1993-08-18,Panama,
1836,Panama,43795,Ismael Díaz,Offence,1997-05-12,Panama,
1836,Panama,105650,Tomas Rodriguez,Offence,1999-03-09,Panama,
1836,Panama,159094,Azarias Londoño,Offence,2001-06-21,Panama,
1930,Cape Verde Islands,53172,Márcio Rosa,Goalkeeper,1997-02-23,Cape Verde Islands,
1930,Cape Verde Islands,120725,Vózinha,Goalkeeper,1986-06-03,Cape Verde Islands,
1930,Cape Verde Islands,150997,C.J. dos Santos,Goalkeeper,2000-08-24,Cape Verde Islands,
1930,Cape Verde Islands,593,Steven Moreira,Defence,1994-08-13,Cape Verde Islands,
1930,Cape Verde Islands,814,Logan Costa,Defence,2001-04-01,Cape Verde Islands,
1930,Cape Verde Islands,36618,Roberto Lopes,Defence,1992-06-17,Cape Verde Islands,
1930,Cape Verde Islands,45328,Diney Borges,Defence,1995-01-17,Cape Verde Islands,
1930,Cape Verde Islands,63097,Stopira,Defence,1988-05-20,Cape Verde Islands,
1930,Cape Verde Islands,209178,Sidny Lopes Cabral,Defence,2002-09-18,Cape Verde Islands,
1930,Cape Verde Islands,213136,Wagner Pina,Defence,2002-11-03,Cape Verde Islands,
1930,Cape Verde Islands,246869,Kelvin Pires,Defence,2000-06-05,Cape Verde Islands,
1930,Cape Verde Islands,7759,Deroy Duarte,Midfield,1999-07-04,Cape Verde Islands,
1930,Cape Verde Islands,30554,Garry Rodrigues,Midfield,1990-11-27,Cape Verde Islands,
1930,Cape Verde Islands,40121,Kevin Pina,Midfield,1997-01-27,Cape Verde Islands,
1930,Cape Verde Islands,67968,Laros Duarte,Midfield,1997-02-28,Cape Verde Islands,
1930,Cape Verde Islands,103108,Yannick Semedo,Midfield,1995-12-29,Cape Verde Islands,
1930,Cape Verde Islands,145346,Telmo Arcanjo,Midfield,2001-06-21,Cape Verde Islands,
1930,Cape Verde Islands,167455,Jamiro Monteiro,Midfield,1993-11-23,Cape Verde Islands,
1930,Cape Verde Islands,212575,João Paulo,Midfield,1998-05-26,Cape Verde Islands,
1930,Cape Verde Islands,9278,Willy Semedo,Offence,1994-04-27,Cape Verde Islands,
1930,Cape Verde Islands,30502,Ryan Mendes,Offence,1990-01-08,Cape Verde Islands,
1930,Cape Verde Islands,37116,Jovane Cabral,Offence,1998-06-14,Cape Verde Islands,
1930,Cape Verde Islands,151942,Gilson Tavares,Offence,2001-12-29,Cape Verde Islands,
1930,Cape Verde Islands,166784,Nuno Da Costa,Offence,1991-02-10,Cape Verde Islands,
1930,Cape Verde Islands,175919,Dailon Rocha Livramento,Offence,2001-05-04,Cape Verde Islands,
1930,Cape Verde Islands,213119,Hélio Varela,Offence,2002-05-03,Cape Verde Islands,
1934,Congo DR,98898,Timothy Fayulu,Goalkeeper,1999-07-24,Congo DR,
1934,Congo DR,106838,Lionel Mpasi,Goalkeeper,1994-08-01,Congo DR,
1934,Congo DR,170838,Matthieu Epolo,Goalkeeper,2005-01-15,Congo DR,
1934,Congo DR,3894,Axel Tuanzebe,Defence,1997-11-14,Congo DR,
1934,Congo DR,7918,Chancel Mbemba,Defence,1994-08-08,Congo DR,
1934,Congo DR,8158,Aaron Wan-Bissaka,Defence,1997-11-26,Congo DR,
1934,Congo DR,8204,Arthur Masuaku,Defence,1993-11-07,Congo DR,
1934,Congo DR,8700,Joris Kayembe,Defence,1994-08-08,Congo DR,
1934,Congo DR,9160,Dylan Batubinsika,Defence,1996-02-15,Congo DR,
1934,Congo DR,82600,Gédéon Kalulu,Defence,1997-08-29,Congo DR,
1934,Congo DR,220602,Steve Kapuadi,Defence,1998-04-30,Congo DR,
1934,Congo DR,8596,Gaël Kakuta,Midfield,1991-06-21,Congo DR,
1934,Congo DR,8701,Samuel Moutoussamy,Midfield,1996-08-12,Congo DR,
1934,Congo DR,8854,Edo Kayembe,Midfield,1998-06-03,Congo DR,
1934,Congo DR,14596,Aaron Tshibola,Midfield,1995-01-02,Congo DR,
1934,Congo DR,30876,Charles Pickel,Midfield,1997-05-15,Congo DR,
1934,Congo DR,182273,Noah Sadiki,Midfield,2004-12-17,Congo DR,
1934,Congo DR,192666,Ngal'ayel Mukau,Midfield,2004-11-03,Congo DR,
1934,Congo DR,612,Yoane Wissa,Offence,1996-09-03,Congo DR,
1934,Congo DR,9309,Theo Bongonda,Offence,1995-11-20,Congo DR,
1934,Congo DR,21583,Cédric Bakambu,Offence,1991-04-11,Congo DR,
1934,Congo DR,74554,Simon Banza,Offence,1996-08-13,Congo DR,
1934,Congo DR,125668,Nathanael Mbuku,Offence,2002-03-16,Congo DR,
1934,Congo DR,166776,Meschack Elia,Offence,1997-08-06,Congo DR,
1934,Congo DR,243626,Brian Cipenga,Offence,1998-03-11,Congo DR,
1934,Congo DR,245577,Fiston Mayele,Offence,1994-06-24,Congo DR,
1935,Ivory Coast,616,Yahia Fofana,Goalkeeper,2000-08-21,Ivory Coast,
1935,Ivory Coast,8292,Alban Lafont,Goalkeeper,1999-01-23,Ivory Coast,
1935,Ivory Coast,170943,Mohamed Kone,Goalkeeper,2002-03-07,Ivory Coast,
1935,Ivory Coast,526,Evan N'Dicka,Defence,1999-08-20,Ivory Coast,
1935,Ivory Coast,700,Christopher Operi,Defence,1997-04-29,Ivory Coast,
1935,Ivory Coast,37432,Ghislain Konan,Defence,1995-12-27,Ivory Coast,
1935,Ivory Coast,113375,Wilfried Singo,Defence,2000-12-25,Ivory Coast,
1935,Ivory Coast,135473,Guela Doué,Defence,2002-10-17,Ivory Coast,
1935,Ivory Coast,149731,Emmanuel Agbadou,Defence,1997-06-17,Ivory Coast,
1935,Ivory Coast,167098,Odilon Kossounou,Defence,2001-01-04,Ivory Coast,
1935,Ivory Coast,191760,Ousmane Diomande,Defence,2003-12-04,Ivory Coast,
1935,Ivory Coast,1747,Franck Kessié,Midfield,1996-12-19,Ivory Coast,
1935,Ivory Coast,2126,Seko Fofana,Midfield,1995-05-07,Ivory Coast,
1935,Ivory Coast,8307,Ibrahim Sangaré,Midfield,1997-12-02,Ivory Coast,
1935,Ivory Coast,8430,Jean Michaël Seri,Midfield,1991-07-19,Ivory Coast,
1935,Ivory Coast,133584,Amad Diallo,Midfield,2002-07-11,Ivory Coast,
1935,Ivory Coast,144698,Parfait Guiagon,Midfield,2001-02-22,Ivory Coast,
1935,Ivory Coast,269161,Christ Ravynel Inao Oulaï,Midfield,2006-04-06,Ivory Coast,
1935,Ivory Coast,8412,Nicolas Pépé,Offence,1995-05-29,Ivory Coast,
1935,Ivory Coast,128710,Evann Guessand,Offence,2001-07-01,Ivory Coast,
1935,Ivory Coast,152738,Ange-Yoan Bonny,Offence,2003-10-25,Ivory Coast,
1935,Ivory Coast,156808,Sepe Elye Wahi,Offence,2003-01-02,Ivory Coast,
1935,Ivory Coast,166249,Simon Adingra,Offence,2002-01-01,Ivory Coast,
1935,Ivory Coast,188275,Oumar Diakite,Offence,2003-12-20,Ivory Coast,
1935,Ivory Coast,249312,Bazoumana Touré,Offence,2006-03-02,Ivory Coast,
1935,Ivory Coast,277484,Yan Diomandé,Offence,2006-11-14,Ivory Coast,
8030,Qatar,103173,Salah Zakaria,Goalkeeper,1999-04-24,Qatar,
8030,Qatar,129104,Meshaal Barsham,Goalkeeper,1998-02-14,Qatar,
8030,Qatar,156781,Mahmoud Abunada,Goalkeeper,2000-02-05,Qatar,
8030,Qatar,115828,Boualem Khoukhi,Defence,1990-07-09,Qatar,
8030,Qatar,189707,Jassem Gaber Abdulsallam,Defence,2002-02-20,Qatar,
8030,Qatar,189725,Homam Ahmed,Defence,1999-08-25,Qatar,
8030,Qatar,189969,Ró-Ró,Defence,1990-08-06,Qatar,
8030,Qatar,194260,Lucas Mendes,Defence,1990-07-03,Qatar,
8030,Qatar,249804,Sultan Al Brake,Defence,1996-04-07,Qatar,
8030,Qatar,253305,Hashemi Al Hussain,Defence,2003-08-15,Qatar,
8030,Qatar,295191,Issa Laye,Defence,1997-12-22,Qatar,
8030,Qatar,295196,Ayoub Al-Oui,Defence,2005-03-11,Qatar,
8030,Qatar,57667,Assim Madibo,Midfield,1996-10-22,Qatar,
8030,Qatar,115827,Abdulaziz Hatem,Midfield,1990-10-28,Qatar,
8030,Qatar,115829,Karim Boudiaf,Midfield,1990-09-16,Qatar,
8030,Qatar,115832,Ahmed Fathy,Midfield,1993-01-25,Qatar,
8030,Qatar,129107,Yusuf Abdurisag,Midfield,1999-08-06,Qatar,
8030,Qatar,249923,Ahmed Al Ganehi,Midfield,2000-09-22,Qatar,
8030,Qatar,253301,Tahsin Jamshid,Midfield,2006-06-16,Qatar,
8030,Qatar,295195,Mohamed Al-Mannai,Midfield,2003-10-30,Qatar,
8030,Qatar,57652,Akram Afif,Offence,1996-11-18,Qatar,
8030,Qatar,115837,Almoez Ali,Offence,1996-08-19,Qatar,
8030,Qatar,135684,Mohammed Muntari,Offence,1993-12-20,Qatar,
8030,Qatar,189973,Hassan Al Haydos,Offence,1990-12-11,Qatar,
8030,Qatar,189976,Ahmed Alaa Eldin,Offence,1993-01-31,Qatar,
8030,Qatar,255986,Edmílson,Offence,1994-08-19,Qatar,
8049,Jordan,243818,Yazeed Abu Layla,Goalkeeper,1993-01-08,Jordan,
8049,Jordan,249669,Abdallah Al Fakhouri,Goalkeeper,2000-01-22,Jordan,
8049,Jordan,250010,Noureddin Bani Ateyah,Goalkeeper,1993-01-25,Jordan,
8049,Jordan,116915,Ehsan Haddad,Defence,1994-02-05,Jordan,
8049,Jordan,116921,Saleem Obaid,Defence,1992-01-17,Jordan,
8049,Jordan,119303,Yazan Al Arab,Defence,1996-01-31,Jordan,
8049,Jordan,202806,Mohammad Abualnadi,Defence,2001-02-08,Jordan,
8049,Jordan,244110,Abdallah Naseeb,Defence,1994-02-25,Jordan,
8049,Jordan,249653,Saed Al Rosan,Defence,1997-02-01,Jordan,
8049,Jordan,295354,Husam Abu Dahab,Defence,2000-05-13,Jordan,
8049,Jordan,295867,Anas Badawi,Defence,1997-09-13,Jordan,
8049,Jordan,231890,Nizar Al Rashdan,Midfield,1999-03-23,Jordan,
8049,Jordan,244171,Rajaei Ayed,Midfield,1993-07-25,Jordan,
8049,Jordan,244206,Noor Al Rawabdeh,Midfield,1997-02-24,Jordan,
8049,Jordan,244241,Mohammad Abu Hasheesh,Midfield,1995-05-09,Jordan,
8049,Jordan,249756,Ibrahim Saadeh,Midfield,2000-04-27,Jordan,
8049,Jordan,295351,Mohammad Al-Dawoud,Midfield,1992-12-04,Jordan,
8049,Jordan,295352,Amer Jamous,Midfield,2002-07-03,Jordan,
8049,Jordan,98763,Musa Al Taamari,Offence,1997-06-10,Jordan,
8049,Jordan,116928,Mahmoud Al Mardi,Offence,1993-10-06,Jordan,
8049,Jordan,244174,Ali Olwan,Offence,2000-03-26,Jordan,
8049,Jordan,244346,Mohannad Abu Taha,Offence,2003-02-02,Jordan,
8049,Jordan,249762,Mohammad Abu Zrayq,Offence,1997-12-30,Jordan,
8049,Jordan,280317,Ibrahim Sabra,Offence,2006-02-01,Jordan,
8049,Jordan,295348,Odeh Fakhoury,Offence,2005-11-20,Jordan,
8049,Jordan,295350,Ali Azaizeh,Offence,2004-04-13,Jordan,
8062,Iraq,117137,Jalal Hassan,Goalkeeper,1991-05-18,Iraq,
8062,Iraq,132162,Fahad Talib,Goalkeeper,1994-10-21,Iraq,
8062,Iraq,236206,Ahmed Basil,Goalkeeper,1996-08-19,Iraq,
8062,Iraq,129968,Hussein Ali,Defence,2002-03-01,Iraq,
8062,Iraq,152724,Merchas Doski,Defence,1999-12-07,Iraq,
8062,Iraq,210821,Rebin Sulaka,Defence,1992-04-12,Iraq,
8062,Iraq,236191,Mustafa Saadoun,Defence,2001-05-25,Iraq,
8062,Iraq,236195,Ahmed Yahya,Defence,1995-07-01,Iraq,
8062,Iraq,236201,Frans Putros,Defence,1993-07-14,Iraq,
8062,Iraq,249839,Zaid Tahseen,Defence,2001-01-29,Iraq,
8062,Iraq,249877,Manaf Younis,Defence,1996-11-16,Iraq,
8062,Iraq,253190,Akam Hashem,Defence,1998-08-16,Iraq,
8062,Iraq,31373,Amir Al Ammari,Midfield,1997-07-27,Iraq,
8062,Iraq,35515,Kevin Yakob,Midfield,2000-10-10,Iraq,
8062,Iraq,117481,Aimar Sher,Midfield,2002-12-20,Iraq,
8062,Iraq,123067,Ibrahim Bayesh,Midfield,2000-05-01,Iraq,
8062,Iraq,165049,Youssef Amyn,Midfield,2003-08-21,Iraq,
8062,Iraq,167462,Ahmed Qasem,Midfield,2003-07-12,Iraq,
8062,Iraq,176642,Zidane Iqbal,Midfield,2003-04-27,Iraq,
8062,Iraq,295321,Zaid Ismail,Midfield,2002-01-03,Iraq,
8062,Iraq,117153,Aymen Hussein,Offence,1996-03-22,Iraq,
8062,Iraq,177008,Ali Al-Hamadi,Offence,2002-03-01,Iraq,
8062,Iraq,193630,Marko Farji,Offence,2004-03-16,Iraq,
8062,Iraq,218847,Ali Jassim El-Aibi,Offence,2004-01-20,Iraq,
8062,Iraq,221753,Mohanad Ali,Offence,2000-06-20,Iraq,
8062,Iraq,295189,Ali Yousif,Offence,1996-01-19,Iraq,
8070,Uzbekistan,243911,Abduvakhid Nematov,Goalkeeper,2001-03-20,Uzbekistan,
8070,Uzbekistan,244395,Botir Ergashev,Goalkeeper,1995-06-23,Uzbekistan,
8070,Uzbekistan,244531,Utkir Yusupov,Goalkeeper,1991-01-04,Uzbekistan,
8070,Uzbekistan,132172,Rustam Ashurmatov,Defence,1996-07-07,Uzbekistan,
8070,Uzbekistan,132173,Umar Eshmurodov,Defence,1992-11-30,Uzbekistan,
8070,Uzbekistan,212868,Abdukodir Khusanov,Defence,2004-02-29,Uzbekistan,
8070,Uzbekistan,221787,Jakhongir O'rozov,Defence,2004-01-18,Uzbekistan,
8070,Uzbekistan,231904,Farrukh Sayfiyev,Defence,1991-01-17,Uzbekistan,
8070,Uzbekistan,243825,Khodjiakbar Alijonov,Defence,1997-04-19,Uzbekistan,
8070,Uzbekistan,243838,Sherzod Nasrullayev,Defence,1998-07-23,Uzbekistan,
8070,Uzbekistan,243928,Abdulla Abdullayev,Defence,1997-09-01,Uzbekistan,
8070,Uzbekistan,295345,Bekhruz Karimov,Defence,2007-08-07,Uzbekistan,
8070,Uzbekistan,295866,Avazbek Ulmasaliev,Defence,2000-03-27,Uzbekistan,
8070,Uzbekistan,49149,Dostonbek Xamdamov,Midfield,1996-07-24,Uzbekistan,
8070,Uzbekistan,117321,Otabek Shukurov,Midfield,1996-06-22,Uzbekistan,
8070,Uzbekistan,119221,Oston Urunov,Midfield,2000-12-19,Uzbekistan,
8070,Uzbekistan,132176,Jamshid Iskanderov,Midfield,1993-10-16,Uzbekistan,
8070,Uzbekistan,149716,Akmal Mozgovoy,Midfield,2000-04-02,Uzbekistan,
8070,Uzbekistan,214531,Abbosbek Fayzullaev,Midfield,2003-10-03,Uzbekistan,
8070,Uzbekistan,232740,Azizjon Ganiev,Midfield,1998-02-22,Uzbekistan,
8070,Uzbekistan,232753,Odiljon Hamrobekov,Midfield,1996-02-13,Uzbekistan,
8070,Uzbekistan,262464,Sherzod Esanov,Midfield,2003-02-01,Uzbekistan,
8070,Uzbekistan,49307,Eldor Shomurodov,Offence,1995-06-29,Uzbekistan,
8070,Uzbekistan,117326,Jaloliddin Masharipov,Offence,1993-09-01,Uzbekistan,
8070,Uzbekistan,183140,Igor Sergeev,Offence,1993-04-30,Uzbekistan,
8070,Uzbekistan,249659,Azizbek Amonov,Offence,1997-10-30,Uzbekistan,
8601,Netherlands,9923,Mark Flekken,Goalkeeper,1993-06-13,Netherlands,
8601,Netherlands,126870,Bart Verbruggen,Goalkeeper,2002-08-18,Netherlands,
8601,Netherlands,137691,Robin Roefs,Goalkeeper,2003-01-17,Netherlands,
8601,Netherlands,7417,Denzel Dumfries,Defence,1996-04-18,Netherlands,
8601,Netherlands,7869,Virgil van Dijk,Defence,1991-07-08,Netherlands,
8601,Netherlands,8240,Nathan Aké,Defence,1995-02-18,Netherlands,
8601,Netherlands,98566,Jan Paul van Hecke,Defence,2000-06-08,Netherlands,
8601,Netherlands,98816,Jurrien Timber,Defence,2001-06-17,Netherlands,
8601,Netherlands,131177,Mickey van de Ven,Defence,2001-04-19,Netherlands,
8601,Netherlands,189477,Jorrel Hato,Defence,2006-03-07,Netherlands,
8601,Netherlands,1848,Marten de Roon,Midfield,1991-03-29,Netherlands,
8601,Netherlands,7457,Donyell Malen,Midfield,1999-01-19,Netherlands,
8601,Netherlands,7559,Frenkie de Jong,Midfield,1997-05-12,Netherlands,
8601,Netherlands,7565,Noa Lang,Midfield,1999-06-17,Netherlands,
8601,Netherlands,7688,Guus Til,Midfield,1997-12-22,Netherlands,
8601,Netherlands,7693,Teun Koopmeiners,Midfield,1998-02-28,Netherlands,
8601,Netherlands,7696,Tijjani Reijnders,Midfield,1998-07-29,Netherlands,
8601,Netherlands,81793,Ryan Gravenberch,Midfield,2002-05-16,Netherlands,
8601,Netherlands,97505,Mats Wieffer,Midfield,1999-11-16,Netherlands,
8601,Netherlands,97536,Quinten Timber,Midfield,2001-06-17,Netherlands,
8601,Netherlands,102193,Crysencio Summerville,Midfield,2001-10-30,Netherlands,
8601,Netherlands,7459,Cody Gakpo,Offence,1999-05-07,Netherlands,
8601,Netherlands,7561,Justin Kluivert,Offence,1999-05-05,Netherlands,
8601,Netherlands,7697,Wout Weghorst,Offence,1992-08-07,Netherlands,
8601,Netherlands,8472,Memphis Depay,Offence,1994-02-13,Netherlands,
8601,Netherlands,97535,Brian Brobbey,Offence,2002-02-01,Netherlands,
8872,Norway,6843,Ørjan Nyland,Goalkeeper,1990-09-10,Norway,
8872,Norway,44441,Egil Selvik,Goalkeeper,1997-07-30,Norway,
8872,Norway,146024,Sander Tangvik,Goalkeeper,2002-11-29,Norway,
8872,Norway,16068,Kristoffer Ajer,Defence,1998-04-17,Norway,
8872,Norway,16197,Torbjørn Heggem,Defence,1999-01-12,Norway,
8872,Norway,37913,Fredrik Bjørkan,Defence,1998-08-21,Norway,
8872,Norway,38548,Marcus Pedersen,Defence,2000-07-16,Norway,
8872,Norway,44030,Julian Ryerson,Defence,1997-11-17,Norway,
8872,Norway,44032,Leo Østigård,Defence,1999-11-28,Norway,
8872,Norway,135036,Henrik Falchener,Defence,2003-05-08,Norway,
8872,Norway,145159,Sondre Langås,Defence,2001-02-02,Norway,
8872,Norway,205467,David Wolfe,Defence,2002-04-23,Norway,
8872,Norway,7421,Morten Thorsby,Midfield,1996-05-05,Norway,
8872,Norway,7427,Martin Ødegaard,Midfield,1998-12-17,Norway,
8872,Norway,8973,Sander Berge,Midfield,1998-02-14,Norway,
8872,Norway,37924,Patrick Berg,Midfield,1997-11-24,Norway,
8872,Norway,38088,Fredrik Aursnes,Midfield,1995-12-10,Norway,
8872,Norway,44033,Kristian Thorstvedt,Midfield,1999-03-13,Norway,
8872,Norway,150589,Thelo Aasgaard,Midfield,2002-05-02,Norway,
8872,Norway,169295,Antonio Nusa,Midfield,2005-04-17,Norway,
8872,Norway,179716,Oscar Bobb,Midfield,2003-07-12,Norway,
8872,Norway,8167,Alexander Sørloth,Offence,1995-12-05,Norway,
8872,Norway,37916,Jens Hauge,Offence,1999-10-12,Norway,
8872,Norway,38101,Erling Haaland,Offence,2000-07-21,Norway,
8872,Norway,157796,Andreas Schjelderup,Offence,2004-06-01,Norway,
8872,Norway,213269,Jørgen Strand Larsen,Offence,2000-02-06,Norway,
8873,Scotland,3981,Angus Gunn,Goalkeeper,1996-01-22,Scotland,
8873,Scotland,15607,Craig Gordon,Goalkeeper,1982-12-31,Scotland,
8873,Scotland,34960,Liam Kelly,Goalkeeper,1996-01-23,Scotland,
8873,Scotland,3986,Grant Hanley,Defence,1991-11-20,Scotland,
8873,Scotland,5769,Dominic Hyam,Defence,1995-12-20,Scotland,
8873,Scotland,7868,Andrew Robertson,Defence,1994-03-11,Scotland,
8873,Scotland,15615,Kieran Tierney,Defence,1997-06-05,Scotland,
8873,Scotland,16070,Jack Hendry,Defence,1995-05-07,Scotland,
8873,Scotland,34411,Anthony Ralston,Defence,1998-11-16,Scotland,
8873,Scotland,34429,John Souttar,Defence,1996-09-25,Scotland,
8873,Scotland,34486,Scott McKenna,Defence,1996-11-12,Scotland,
8873,Scotland,101111,Aaron Hickey,Defence,2002-01-01,Scotland,
8873,Scotland,138174,Nathan Patterson,Defence,2001-10-16,Scotland,
8873,Scotland,7905,Scott McTominay,Midfield,1996-12-08,Scotland,
8873,Scotland,34494,Kenny McLean,Midfield,1992-01-08,Scotland,
8873,Scotland,34495,Ryan Christie,Midfield,1995-02-22,Scotland,
8873,Scotland,34638,Lewis Ferguson,Midfield,1999-08-24,Scotland,
8873,Scotland,34646,John McGinn,Midfield,1994-10-18,Scotland,
8873,Scotland,176789,Ben Doak,Midfield,2005-11-11,Scotland,
8873,Scotland,270697,Findlay Curtis,Midfield,,Scotland,
8873,Scotland,290139,Tyler Fletcher,Midfield,2007-03-19,England,
8873,Scotland,4119,Che Adams,Offence,1996-07-13,Scotland,
8873,Scotland,25606,George Hirst,Offence,1999-02-15,Scotland,
8873,Scotland,35101,Ross Stewart,Offence,1996-07-11,Scotland,
8873,Scotland,35126,Lyndon Dykes,Offence,1995-10-07,Scotland,
8873,Scotland,52043,Lawrence Shankland,Offence,1995-08-10,Scotland,
9460,Curaçao,7412,Trevor Doornbusch,Goalkeeper,1999-07-06,Curaçao,
9460,Curaçao,7437,Eloy Room,Goalkeeper,1989-02-06,Curaçao,
9460,Curaçao,171283,Tyrick Bodak,Goalkeeper,2002-02-15,Curaçao,
9460,Curaçao,7229,Roshon van Eijma,Defence,1998-06-09,Curaçao,
9460,Curaçao,7438,Joshua Brenet,Defence,1994-03-20,Curaçao,
9460,Curaçao,7443,Armando Obispo,Defence,1999-03-05,Curaçao,
9460,Curaçao,7744,Sheral Floranus,Defence,1998-08-23,Curaçao,
9460,Curaçao,9428,Riechedly Bazoer,Defence,1996-10-12,Curaçao,
9460,Curaçao,55417,Juriën Gaari,Defence,1993-12-23,Curaçao,
9460,Curaçao,137697,Shurandy Sambo,Defence,2001-08-19,Curaçao,
9460,Curaçao,149120,Ar'jany Martha,Defence,2003-09-04,Curaçao,
9460,Curaçao,166156,Livano Comenencia,Defence,2004-02-03,Curaçao,
9460,Curaçao,177433,Deveron Fonville,Defence,2003-05-16,Curaçao,
9460,Curaçao,191954,Tyrese Noslin,Defence,2002-09-11,Curaçao,
9460,Curaçao,4280,Leandro Bacuna,Midfield,1991-08-21,Curaçao,
9460,Curaçao,7274,Godfried Roemeratoe,Midfield,1999-08-19,Curaçao,
9460,Curaçao,7518,Juninho Bacuna,Midfield,1997-08-07,Curaçao,
9460,Curaçao,53327,Kevin Felida,Midfield,1999-11-11,Curaçao,
9460,Curaçao,6597,Gervane Kastaneer,Offence,1996-06-09,Curaçao,
9460,Curaçao,7986,Kenji Gorré,Offence,1994-09-29,Curaçao,
9460,Curaçao,8288,Jürgen Locadia,Offence,1993-11-07,Curaçao,
9460,Curaçao,98483,Tahith Chong,Offence,1999-12-04,Curaçao,
9460,Curaçao,137025,Sontje Hansen,Offence,2002-05-18,Curaçao,
9460,Curaçao,149134,Jearl Margaritha,Offence,2000-04-10,Curaçao,
9460,Curaçao,156631,Jeremy Antonisse,Offence,2002-03-29,Curaçao,
9460,Curaçao,190770,Brandley Kuwas,Offence,1992-09-19,Curaçao,
